01100,北海道,札幌市,ｻｯﾎﾟﾛｼ
01202,北海道,函館市,ﾊｺﾀﾞﾃｼ
01203,北海道,小樽市,ｵﾀﾙｼ
01204,北海道,旭川市,ｱｻﾋｶﾜｼ
01205,北海道,室蘭市,ﾑﾛﾗﾝｼ
01206,北海道,釧路市,ｸｼﾛｼ
01207,北海道,帯広市,ｵﾋﾞﾋﾛｼ
01208,北海道,北見市,ｷﾀﾐｼ
01209,北海道,夕張市,ﾕｳﾊﾞﾘｼ
01210,北海道,岩見沢市,ｲﾜﾐｻﾞﾜｼ
01211,北海道,網走市,ｱﾊﾞｼﾘｼ
01212,北海道,留萌市,ﾙﾓｲｼ
01213,北海道,苫小牧市,ﾄﾏｺﾏｲｼ
01214,北海道,稚内市,ﾜｯｶﾅｲｼ
01215,北海道,美唄市,ﾋﾞﾊﾞｲｼ
01216,北海道,芦別市,ｱｼﾍﾞﾂｼ
01217,北海道,江別市,ｴﾍﾞﾂｼ
01218,北海道,赤平市,ｱｶﾋﾞﾗｼ
01219,北海道,紋別市,ﾓﾝﾍﾞﾂｼ
01220,北海道,士別市,ｼﾍﾞﾂｼ
01221,北海道,名寄市,ﾅﾖﾛｼ
01222,北海道,三笠市,ﾐｶｻｼ
01223,北海道,根室市,ﾈﾑﾛｼ
01224,北海道,千歳市,ﾁﾄｾｼ
01225,北海道,滝川市,ﾀｷｶﾜｼ
01226,北海道,砂川市,ｽﾅｶﾞﾜｼ
01227,北海道,歌志内市,ｳﾀｼﾅｲｼ
01228,北海道,深川市,ﾌｶｶﾞﾜｼ
01229,北海道,富良野市,ﾌﾗﾉｼ
01230,北海道,登別市,ﾉﾎﾞﾘﾍﾞﾂｼ
01231,北海道,恵庭市,ｴﾆﾜｼ
01233,北海道,伊達市,ﾀﾞﾃｼ
01234,北海道,北広島市,ｷﾀﾋﾛｼﾏｼ
01235,北海道,石狩市,ｲｼｶﾘｼ
01236,北海道,北斗市,ﾎｸﾄｼ
01303,北海道,当別町,ﾄｳﾍﾞﾂﾁｮｳ
01304,北海道,新篠津村,ｼﾝｼﾉﾂﾑﾗ
01331,北海道,松前町,ﾏﾂﾏｴﾁｮｳ
01332,北海道,福島町,ﾌｸｼﾏﾁｮｳ
01333,北海道,知内町,ｼﾘｳﾁﾁｮｳ
01334,北海道,木古内町,ｷｺﾅｲﾁｮｳ
01337,北海道,七飯町,ﾅﾅｴﾁｮｳ
01343,北海道,鹿部町,ｼｶﾍﾞﾁｮｳ
01345,北海道,森町,ﾓﾘﾏﾁ
01346,北海道,八雲町,ﾔｸﾓﾁｮｳ
01347,北海道,長万部町,ｵｼｬﾏﾝﾍﾞﾁｮｳ
01361,北海道,江差町,ｴｻｼﾁｮｳ
01362,北海道,上ノ国町,ｶﾐﾉｸﾆﾁｮｳ
01363,北海道,厚沢部町,ｱｯｻﾌﾞﾁｮｳ
01364,北海道,乙部町,ｵﾄﾍﾞﾁｮｳ
01367,北海道,奥尻町,ｵｸｼﾘﾁｮｳ
01370,北海道,今金町,ｲﾏｶﾈﾁｮｳ
01371,北海道,せたな町,ｾﾀﾅﾁｮｳ
01391,北海道,島牧村,ｼﾏﾏｷﾑﾗ
01392,北海道,寿都町,ｽｯﾂﾁｮｳ
01393,北海道,黒松内町,ｸﾛﾏﾂﾅｲﾁｮｳ
01394,北海道,蘭越町,ﾗﾝｺｼﾁｮｳ
01395,北海道,ニセコ町,ﾆｾｺﾁｮｳ
01396,北海道,真狩村,ﾏｯｶﾘﾑﾗ
01397,北海道,留寿都村,ﾙｽﾂﾑﾗ
01398,北海道,喜茂別町,ｷﾓﾍﾞﾂﾁｮｳ
01399,北海道,京極町,ｷｮｳｺﾞｸﾁｮｳ
01400,北海道,倶知安町,ｸｯﾁｬﾝﾁｮｳ
01401,北海道,共和町,ｷｮｳﾜﾁｮｳ
01402,北海道,岩内町,ｲﾜﾅｲﾁｮｳ
01403,北海道,泊村,ﾄﾏﾘﾑﾗ
01404,北海道,神恵内村,ｶﾓｴﾅｲﾑﾗ
01405,北海道,積丹町,ｼｬｺﾀﾝﾁｮｳ
01406,北海道,古平町,ﾌﾙﾋﾞﾗﾁｮｳ
01407,北海道,仁木町,ﾆｷﾁｮｳ
01408,北海道,余市町,ﾖｲﾁﾁｮｳ
01409,北海道,赤井川村,ｱｶｲｶﾞﾜﾑﾗ
01423,北海道,南幌町,ﾅﾝﾎﾟﾛﾁｮｳ
01424,北海道,奈井江町,ﾅｲｴﾁｮｳ
01425,北海道,上砂川町,ｶﾐｽﾅｶﾞﾜﾁｮｳ
01427,北海道,由仁町,ﾕﾆﾁｮｳ
01428,北海道,長沼町,ﾅｶﾞﾇﾏﾁｮｳ
01429,北海道,栗山町,ｸﾘﾔﾏﾁｮｳ
01430,北海道,月形町,ﾂｷｶﾞﾀﾁｮｳ
01431,北海道,浦臼町,ｳﾗｳｽﾁｮｳ
01432,北海道,新十津川町,ｼﾝﾄﾂｶﾜﾁｮｳ
01433,北海道,妹背牛町,ﾓｾｳｼﾁｮｳ
01434,北海道,秩父別町,ﾁｯﾌﾟﾍﾞﾂﾁｮｳ
01436,北海道,雨竜町,ｳﾘｭｳﾁｮｳ
01437,北海道,北竜町,ﾎｸﾘｭｳﾁｮｳ
01438,北海道,沼田町,ﾇﾏﾀﾁｮｳ
01452,北海道,鷹栖町,ﾀｶｽﾁｮｳ
01453,北海道,東神楽町,ﾋｶﾞｼｶｸﾞﾗﾁｮｳ
01454,北海道,当麻町,ﾄｳﾏﾁｮｳ
01455,北海道,比布町,ﾋﾟｯﾌﾟﾁｮｳ
01456,北海道,愛別町,ｱｲﾍﾞﾂﾁｮｳ
01457,北海道,上川町,ｶﾐｶﾜﾁｮｳ
01458,北海道,東川町,ﾋｶﾞｼｶﾜﾁｮｳ
01459,北海道,美瑛町,ﾋﾞｴｲﾁｮｳ
01460,北海道,上富良野町,ｶﾐﾌﾗﾉﾁｮｳ
01461,北海道,中富良野町,ﾅｶﾌﾗﾉﾁｮｳ
01462,北海道,南富良野町,ﾐﾅﾐﾌﾗﾉﾁｮｳ
01463,北海道,占冠村,ｼﾑｶｯﾌﾟﾑﾗ
01464,北海道,和寒町,ﾜｯｻﾑﾁｮｳ
01465,北海道,剣淵町,ｹﾝﾌﾞﾁﾁｮｳ
01468,北海道,下川町,ｼﾓｶﾜﾁｮｳ
01469,北海道,美深町,ﾋﾞﾌｶﾁｮｳ
01470,北海道,音威子府村,ｵﾄｲﾈｯﾌﾟﾑﾗ
01471,北海道,中川町,ﾅｶｶﾞﾜﾁｮｳ
01472,北海道,幌加内町,ﾎﾛｶﾅｲﾁｮｳ
01481,北海道,増毛町,ﾏｼｹﾁｮｳ
01482,北海道,小平町,ｵﾋﾞﾗﾁｮｳ
01483,北海道,苫前町,ﾄﾏﾏｴﾁｮｳ
01484,北海道,羽幌町,ﾊﾎﾞﾛﾁｮｳ
01485,北海道,初山別村,ｼｮｻﾝﾍﾞﾂﾑﾗ
01486,北海道,遠別町,ｴﾝﾍﾞﾂﾁｮｳ
01487,北海道,天塩町,ﾃｼｵﾁｮｳ
01511,北海道,猿払村,ｻﾙﾌﾂﾑﾗ
01512,北海道,浜頓別町,ﾊﾏﾄﾝﾍﾞﾂﾁｮｳ
01513,北海道,中頓別町,ﾅｶﾄﾝﾍﾞﾂﾁｮｳ
01514,北海道,枝幸町,ｴｻｼﾁｮｳ
01516,北海道,豊富町,ﾄﾖﾄﾐﾁｮｳ
01517,北海道,礼文町,ﾚﾌﾞﾝﾁｮｳ
01518,北海道,利尻町,ﾘｼﾘﾁｮｳ
01519,北海道,利尻富士町,ﾘｼﾘﾌｼﾞﾁｮｳ
01520,北海道,幌延町,ﾎﾛﾉﾍﾞﾁｮｳ
01543,北海道,美幌町,ﾋﾞﾎﾛﾁｮｳ
01544,北海道,津別町,ﾂﾍﾞﾂﾁｮｳ
01545,北海道,斜里町,ｼｬﾘﾁｮｳ
01546,北海道,清里町,ｷﾖｻﾄﾁｮｳ
01547,北海道,小清水町,ｺｼﾐｽﾞﾁｮｳ
01549,北海道,訓子府町,ｸﾝﾈｯﾌﾟﾁｮｳ
01550,北海道,置戸町,ｵｹﾄﾁｮｳ
01552,北海道,佐呂間町,ｻﾛﾏﾁｮｳ
01555,北海道,遠軽町,ｴﾝｶﾞﾙﾁｮｳ
01559,北海道,湧別町,ﾕｳﾍﾞﾂﾁｮｳ
01560,北海道,滝上町,ﾀｷﾉｳｴﾁｮｳ
01561,北海道,興部町,ｵｺｯﾍﾟﾁｮｳ
01562,北海道,西興部村,ﾆｼｵｺｯﾍﾟﾑﾗ
01563,北海道,雄武町,ｵｳﾑﾁｮｳ
01564,北海道,大空町,ｵｵｿﾞﾗﾁｮｳ
01571,北海道,豊浦町,ﾄﾖｳﾗﾁｮｳ
01575,北海道,壮瞥町,ｿｳﾍﾞﾂﾁｮｳ
01578,北海道,白老町,ｼﾗｵｲﾁｮｳ
01581,北海道,厚真町,ｱﾂﾏﾁｮｳ
01584,北海道,洞爺湖町,ﾄｳﾔｺﾁｮｳ
01585,北海道,安平町,ｱﾋﾞﾗﾁｮｳ
01586,北海道,むかわ町,ﾑｶﾜﾁｮｳ
01601,北海道,日高町,ﾋﾀﾞｶﾁｮｳ
01602,北海道,平取町,ﾋﾞﾗﾄﾘﾁｮｳ
01604,北海道,新冠町,ﾆｲｶｯﾌﾟﾁｮｳ
01607,北海道,浦河町,ｳﾗｶﾜﾁｮｳ
01608,北海道,様似町,ｻﾏﾆﾁｮｳ
01609,北海道,えりも町,ｴﾘﾓﾁｮｳ
01610,北海道,新ひだか町,ｼﾝﾋﾀﾞｶﾁｮｳ
01631,北海道,音更町,ｵﾄﾌｹﾁｮｳ
01632,北海道,士幌町,ｼﾎﾛﾁｮｳ
01633,北海道,上士幌町,ｶﾐｼﾎﾛﾁｮｳ
01634,北海道,鹿追町,ｼｶｵｲﾁｮｳ
01635,北海道,新得町,ｼﾝﾄｸﾁｮｳ
01636,北海道,清水町,ｼﾐｽﾞﾁｮｳ
01637,北海道,芽室町,ﾒﾑﾛﾁｮｳ
01638,北海道,中札内村,ﾅｶｻﾂﾅｲﾑﾗ
01639,北海道,更別村,ｻﾗﾍﾞﾂﾑﾗ
01641,北海道,大樹町,ﾀｲｷﾁｮｳ
01642,北海道,広尾町,ﾋﾛｵﾁｮｳ
01643,北海道,幕別町,ﾏｸﾍﾞﾂﾁｮｳ
01644,北海道,池田町,ｲｹﾀﾞﾁｮｳ
01645,北海道,豊頃町,ﾄﾖｺﾛﾁｮｳ
01646,北海道,本別町,ﾎﾝﾍﾞﾂﾁｮｳ
01647,北海道,足寄町,ｱｼｮﾛﾁｮｳ
01648,北海道,陸別町,ﾘｸﾍﾞﾂﾁｮｳ
01649,北海道,浦幌町,ｳﾗﾎﾛﾁｮｳ
01661,北海道,釧路町,ｸｼﾛﾁｮｳ
01662,北海道,厚岸町,ｱｯｹｼﾁｮｳ
01663,北海道,浜中町,ﾊﾏﾅｶﾁｮｳ
01664,北海道,標茶町,ｼﾍﾞﾁｬﾁｮｳ
01665,北海道,弟子屈町,ﾃｼｶｶﾞﾁｮｳ
01667,北海道,鶴居村,ﾂﾙｲﾑﾗ
01668,北海道,白糠町,ｼﾗﾇｶﾁｮｳ
01691,北海道,別海町,ﾍﾞﾂｶｲﾁｮｳ
01692,北海道,中標津町,ﾅｶｼﾍﾞﾂﾁｮｳ
01693,北海道,標津町,ｼﾍﾞﾂﾁｮｳ
01694,北海道,羅臼町,ﾗｳｽﾁｮｳ
01695,北海道,色丹村,ｼｺﾀﾝﾑﾗ
01696,北海道,泊村,ﾄﾏﾘﾑﾗ
01697,北海道,留夜別村,ﾙﾔﾍﾞﾂﾑﾗ
01698,北海道,留別村,ﾙﾍﾞﾂﾑﾗ
01699,北海道,紗那村,ｼｬﾅﾑﾗ
01700,北海道,蘂取村,ｼﾍﾞﾄﾛﾑﾗ
02201,青森県,青森市,ｱｵﾓﾘｼ
02202,青森県,弘前市,ﾋﾛｻｷｼ
02203,青森県,八戸市,ﾊﾁﾉﾍｼ
02204,青森県,黒石市,ｸﾛｲｼｼ
02205,青森県,五所川原市,ｺﾞｼｮｶﾞﾜﾗｼ
02206,青森県,十和田市,ﾄﾜﾀﾞｼ
02207,青森県,三沢市,ﾐｻﾜｼ
02208,青森県,むつ市,ﾑﾂｼ
02209,青森県,つがる市,ﾂｶﾞﾙｼ
02210,青森県,平川市,ﾋﾗｶﾜｼ
02301,青森県,平内町,ﾋﾗﾅｲﾏﾁ
02303,青森県,今別町,ｲﾏﾍﾞﾂﾏﾁ
02304,青森県,蓬田村,ﾖﾓｷﾞﾀﾑﾗ
02307,青森県,外ヶ浜町,ｿﾄｶﾞﾊﾏﾏﾁ
02321,青森県,鰺ヶ沢町,ｱｼﾞｶﾞｻﾜﾏﾁ
02323,青森県,深浦町,ﾌｶｳﾗﾏﾁ
02343,青森県,西目屋村,ﾆｼﾒﾔﾑﾗ
02361,青森県,藤崎町,ﾌｼﾞｻｷﾏﾁ
02362,青森県,大鰐町,ｵｵﾜﾆﾏﾁ
02367,青森県,田舎館村,ｲﾅｶﾀﾞﾃﾑﾗ
02381,青森県,板柳町,ｲﾀﾔﾅｷﾞﾏﾁ
02384,青森県,鶴田町,ﾂﾙﾀﾏﾁ
02387,青森県,中泊町,ﾅｶﾄﾞﾏﾘﾏﾁ
02401,青森県,野辺地町,ﾉﾍｼﾞﾏﾁ
02402,青森県,七戸町,ｼﾁﾉﾍﾏﾁ
02405,青森県,六戸町,ﾛｸﾉﾍﾏﾁ
02406,青森県,横浜町,ﾖｺﾊﾏﾏﾁ
02408,青森県,東北町,ﾄｳﾎｸﾏﾁ
02411,青森県,六ヶ所村,ﾛｯｶｼｮﾑﾗ
02412,青森県,おいらせ町,ｵｲﾗｾﾁｮｳ
02423,青森県,大間町,ｵｵﾏﾏﾁ
02424,青森県,東通村,ﾋｶﾞｼﾄﾞｵﾘﾑﾗ
02425,青森県,風間浦村,ｶｻﾞﾏｳﾗﾑﾗ
02426,青森県,佐井村,ｻｲﾑﾗ
02441,青森県,三戸町,ｻﾝﾉﾍﾏﾁ
02442,青森県,五戸町,ｺﾞﾉﾍﾏﾁ
02443,青森県,田子町,ﾀｯｺﾏﾁ
02445,青森県,南部町,ﾅﾝﾌﾞﾁｮｳ
02446,青森県,階上町,ﾊｼｶﾐﾁｮｳ
02450,青森県,新郷村,ｼﾝｺﾞｳﾑﾗ
03201,岩手県,盛岡市,ﾓﾘｵｶｼ
03202,岩手県,宮古市,ﾐﾔｺｼ
03203,岩手県,大船渡市,ｵｵﾌﾅﾄｼ
03205,岩手県,花巻市,ﾊﾅﾏｷｼ
03206,岩手県,北上市,ｷﾀｶﾐｼ
03207,岩手県,久慈市,ｸｼﾞｼ
03208,岩手県,遠野市,ﾄｵﾉｼ
03209,岩手県,一関市,ｲﾁﾉｾｷｼ
03210,岩手県,陸前高田市,ﾘｸｾﾞﾝﾀｶﾀｼ
03211,岩手県,釜石市,ｶﾏｲｼｼ
03213,岩手県,二戸市,ﾆﾉﾍｼ
03214,岩手県,八幡平市,ﾊﾁﾏﾝﾀｲｼ
03215,岩手県,奥州市,ｵｳｼｭｳｼ
03216,岩手県,滝沢市,ﾀｷｻﾞﾜｼ
03301,岩手県,雫石町,ｼｽﾞｸｲｼﾁｮｳ
03302,岩手県,葛巻町,ｸｽﾞﾏｷﾏﾁ
03303,岩手県,岩手町,ｲﾜﾃﾏﾁ
03321,岩手県,紫波町,ｼﾜﾁｮｳ
03322,岩手県,矢巾町,ﾔﾊﾊﾞﾁｮｳ
03366,岩手県,西和賀町,ﾆｼﾜｶﾞﾏﾁ
03381,岩手県,金ケ崎町,ｶﾈｶﾞｻｷﾁｮｳ
03402,岩手県,平泉町,ﾋﾗｲｽﾞﾐﾁｮｳ
03441,岩手県,住田町,ｽﾐﾀﾁｮｳ
03461,岩手県,大槌町,ｵｵﾂﾁﾁｮｳ
03482,岩手県,山田町,ﾔﾏﾀﾞﾏﾁ
03483,岩手県,岩泉町,ｲﾜｲｽﾞﾐﾁｮｳ
03484,岩手県,田野畑村,ﾀﾉﾊﾀﾑﾗ
03485,岩手県,普代村,ﾌﾀﾞｲﾑﾗ
03501,岩手県,軽米町,ｶﾙﾏｲﾏﾁ
03503,岩手県,野田村,ﾉﾀﾞﾑﾗ
03506,岩手県,九戸村,ｸﾉﾍﾑﾗ
03507,岩手県,洋野町,ﾋﾛﾉﾁｮｳ
03524,岩手県,一戸町,ｲﾁﾉﾍﾏﾁ
04100,宮城県,仙台市,ｾﾝﾀﾞｲｼ
04202,宮城県,石巻市,ｲｼﾉﾏｷｼ
04203,宮城県,塩竈市,ｼｵｶﾞﾏｼ
04205,宮城県,気仙沼市,ｹｾﾝﾇﾏｼ
04206,宮城県,白石市,ｼﾛｲｼｼ
04207,宮城県,名取市,ﾅﾄﾘｼ
04208,宮城県,角田市,ｶｸﾀﾞｼ
04209,宮城県,多賀城市,ﾀｶﾞｼﾞｮｳｼ
04211,宮城県,岩沼市,ｲﾜﾇﾏｼ
04212,宮城県,登米市,ﾄﾒｼ
04213,宮城県,栗原市,ｸﾘﾊﾗｼ
04214,宮城県,東松島市,ﾋｶﾞｼﾏﾂｼﾏｼ
04215,宮城県,大崎市,ｵｵｻｷｼ
04216,宮城県,富谷市,ﾄﾐﾔｼ
04301,宮城県,蔵王町,ｻﾞｵｳﾏﾁ
04302,宮城県,七ヶ宿町,ｼﾁｶｼｭｸﾏﾁ
04321,宮城県,大河原町,ｵｵｶﾞﾜﾗﾏﾁ
04322,宮城県,村田町,ﾑﾗﾀﾏﾁ
04323,宮城県,柴田町,ｼﾊﾞﾀﾏﾁ
04324,宮城県,川崎町,ｶﾜｻｷﾏﾁ
04341,宮城県,丸森町,ﾏﾙﾓﾘﾏﾁ
04361,宮城県,亘理町,ﾜﾀﾘﾁｮｳ
04362,宮城県,山元町,ﾔﾏﾓﾄﾁｮｳ
04401,宮城県,松島町,ﾏﾂｼﾏﾏﾁ
04404,宮城県,七ヶ浜町,ｼﾁｶﾞﾊﾏﾏﾁ
04406,宮城県,利府町,ﾘﾌﾁｮｳ
04421,宮城県,大和町,ﾀｲﾜﾁｮｳ
04422,宮城県,大郷町,ｵｵｻﾄﾁｮｳ
04424,宮城県,大衡村,ｵｵﾋﾗﾑﾗ
04444,宮城県,色麻町,ｼｶﾏﾁｮｳ
04445,宮城県,加美町,ｶﾐﾏﾁ
04501,宮城県,涌谷町,ﾜｸﾔﾁｮｳ
04505,宮城県,美里町,ﾐｻﾄﾏﾁ
04581,宮城県,女川町,ｵﾅｶﾞﾜﾁｮｳ
04606,宮城県,南三陸町,ﾐﾅﾐｻﾝﾘｸﾁｮｳ
05201,秋田県,秋田市,ｱｷﾀｼ
05202,秋田県,能代市,ﾉｼﾛｼ
05203,秋田県,横手市,ﾖｺﾃｼ
05204,秋田県,大館市,ｵｵﾀﾞﾃｼ
05206,秋田県,男鹿市,ｵｶﾞｼ
05207,秋田県,湯沢市,ﾕｻﾞﾜｼ
05209,秋田県,鹿角市,ｶﾂﾞﾉｼ
05210,秋田県,由利本荘市,ﾕﾘﾎﾝｼﾞｮｳｼ
05211,秋田県,潟上市,ｶﾀｶﾞﾐｼ
05212,秋田県,大仙市,ﾀﾞｲｾﾝｼ
05213,秋田県,北秋田市,ｷﾀｱｷﾀｼ
05214,秋田県,にかほ市,ﾆｶﾎｼ
05215,秋田県,仙北市,ｾﾝﾎﾞｸｼ
05303,秋田県,小坂町,ｺｻｶﾏﾁ
05327,秋田県,上小阿仁村,ｶﾐｺｱﾆﾑﾗ
05346,秋田県,藤里町,ﾌｼﾞｻﾄﾏﾁ
05348,秋田県,三種町,ﾐﾀﾈﾁｮｳ
05349,秋田県,八峰町,ﾊｯﾎﾟｳﾁｮｳ
05361,秋田県,五城目町,ｺﾞｼﾞｮｳﾒﾏﾁ
05363,秋田県,八郎潟町,ﾊﾁﾛｳｶﾞﾀﾏﾁ
05366,秋田県,井川町,ｲｶﾜﾏﾁ
05368,秋田県,大潟村,ｵｵｶﾞﾀﾑﾗ
05434,秋田県,美郷町,ﾐｻﾄﾁｮｳ
05463,秋田県,羽後町,ｳｺﾞﾏﾁ
05464,秋田県,東成瀬村,ﾋｶﾞｼﾅﾙｾﾑﾗ
06201,山形県,山形市,ﾔﾏｶﾞﾀｼ
06202,山形県,米沢市,ﾖﾈｻﾞﾜｼ
06203,山形県,鶴岡市,ﾂﾙｵｶｼ
06204,山形県,酒田市,ｻｶﾀｼ
06205,山形県,新庄市,ｼﾝｼﾞｮｳｼ
06206,山形県,寒河江市,ｻｶﾞｴｼ
06207,山形県,上山市,ｶﾐﾉﾔﾏｼ
06208,山形県,村山市,ﾑﾗﾔﾏｼ
06209,山形県,長井市,ﾅｶﾞｲｼ
06210,山形県,天童市,ﾃﾝﾄﾞｳｼ
06211,山形県,東根市,ﾋｶﾞｼﾈｼ
06212,山形県,尾花沢市,ｵﾊﾞﾅｻﾞﾜｼ
06213,山形県,南陽市,ﾅﾝﾖｳｼ
06301,山形県,山辺町,ﾔﾏﾉﾍﾞﾏﾁ
06302,山形県,中山町,ﾅｶﾔﾏﾏﾁ
06321,山形県,河北町,ｶﾎｸﾁｮｳ
06322,山形県,西川町,ﾆｼｶﾜﾏﾁ
06323,山形県,朝日町,ｱｻﾋﾏﾁ
06324,山形県,大江町,ｵｵｴﾏﾁ
06341,山形県,大石田町,ｵｵｲｼﾀﾞﾏﾁ
06361,山形県,金山町,ｶﾈﾔﾏﾏﾁ
06362,山形県,最上町,ﾓｶﾞﾐﾏﾁ
06363,山形県,舟形町,ﾌﾅｶﾞﾀﾏﾁ
06364,山形県,真室川町,ﾏﾑﾛｶﾞﾜﾏﾁ
06365,山形県,大蔵村,ｵｵｸﾗﾑﾗ
06366,山形県,鮭川村,ｻｹｶﾞﾜﾑﾗ
06367,山形県,戸沢村,ﾄｻﾞﾜﾑﾗ
06381,山形県,高畠町,ﾀｶﾊﾀﾏﾁ
06382,山形県,川西町,ｶﾜﾆｼﾏﾁ
06401,山形県,小国町,ｵｸﾞﾆﾏﾁ
06402,山形県,白鷹町,ｼﾗﾀｶﾏﾁ
06403,山形県,飯豊町,ｲｲﾃﾞﾏﾁ
06426,山形県,三川町,ﾐｶﾜﾏﾁ
06428,山形県,庄内町,ｼﾖｳﾅｲﾏﾁ
06461,山形県,遊佐町,ﾕｻﾞﾏﾁ
07201,福島県,福島市,ﾌｸｼﾏｼ
07202,福島県,会津若松市,ｱｲﾂﾞﾜｶﾏﾂｼ
07203,福島県,郡山市,ｺｵﾘﾔﾏｼ
07204,福島県,いわき市,ｲﾜｷｼ
07205,福島県,白河市,ｼﾗｶﾜｼ
07207,福島県,須賀川市,ｽｶｶﾞﾜｼ
07208,福島県,喜多方市,ｷﾀｶﾀｼ
07209,福島県,相馬市,ｿｳﾏｼ
07210,福島県,二本松市,ﾆﾎﾝﾏﾂｼ
07211,福島県,田村市,ﾀﾑﾗｼ
07212,福島県,南相馬市,ﾐﾅﾐｿｳﾏｼ
07213,福島県,伊達市,ﾀﾞﾃｼ
07214,福島県,本宮市,ﾓﾄﾐﾔｼ
07301,福島県,桑折町,ｺｵﾘﾏﾁ
07303,福島県,国見町,ｸﾆﾐﾏﾁ
07308,福島県,川俣町,ｶﾜﾏﾀﾏﾁ
07322,福島県,大玉村,ｵｵﾀﾏﾑﾗ
07342,福島県,鏡石町,ｶｶﾞﾐｲｼﾏﾁ
07344,福島県,天栄村,ﾃﾝｴｲﾑﾗ
07362,福島県,下郷町,ｼﾓｺﾞｳﾏﾁ
07364,福島県,檜枝岐村,ﾋﾉｴﾏﾀﾑﾗ
07367,福島県,只見町,ﾀﾀﾞﾐﾏﾁ
07368,福島県,南会津町,ﾐﾅﾐｱｲﾂﾞﾏﾁ
07402,福島県,北塩原村,ｷﾀｼｵﾊﾞﾗﾑﾗ
07405,福島県,西会津町,ﾆｼｱｲﾂﾞﾏﾁ
07407,福島県,磐梯町,ﾊﾞﾝﾀﾞｲﾏﾁ
07408,福島県,猪苗代町,ｲﾅﾜｼﾛﾏﾁ
07421,福島県,会津坂下町,ｱｲﾂﾞﾊﾞﾝｹﾞﾏﾁ
07422,福島県,湯川村,ﾕｶﾞﾜﾑﾗ
07423,福島県,柳津町,ﾔﾅｲﾂﾞﾏﾁ
07444,福島県,三島町,ﾐｼﾏﾏﾁ
07445,福島県,金山町,ｶﾈﾔﾏﾏﾁ
07446,福島県,昭和村,ｼｮｳﾜﾑﾗ
07447,福島県,会津美里町,ｱｲﾂﾞﾐｻﾄﾏﾁ
07461,福島県,西郷村,ﾆｼｺﾞｳﾑﾗ
07464,福島県,泉崎村,ｲｽﾞﾐｻﾞｷﾑﾗ
07465,福島県,中島村,ﾅｶｼﾞﾏﾑﾗ
07466,福島県,矢吹町,ﾔﾌﾞｷﾏﾁ
07481,福島県,棚倉町,ﾀﾅｸﾞﾗﾏﾁ
07482,福島県,矢祭町,ﾔﾏﾂﾘﾏﾁ
07483,福島県,塙町,ﾊﾅﾜﾏﾁ
07484,福島県,鮫川村,ｻﾒｶﾞﾜﾑﾗ
07501,福島県,石川町,ｲｼｶﾜﾏﾁ
07502,福島県,玉川村,ﾀﾏｶﾜﾑﾗ
07503,福島県,平田村,ﾋﾗﾀﾑﾗ
07504,福島県,浅川町,ｱｻｶﾜﾏﾁ
07505,福島県,古殿町,ﾌﾙﾄﾞﾉﾏﾁ
07521,福島県,三春町,ﾐﾊﾙﾏﾁ
07522,福島県,小野町,ｵﾉﾏﾁ
07541,福島県,広野町,ﾋﾛﾉﾏﾁ
07542,福島県,楢葉町,ﾅﾗﾊﾏﾁ
07543,福島県,富岡町,ﾄﾐｵｶﾏﾁ
07544,福島県,川内村,ｶﾜｳﾁﾑﾗ
07545,福島県,大熊町,ｵｵｸﾏﾏﾁ
07546,福島県,双葉町,ﾌﾀﾊﾞﾏﾁ
07547,福島県,浪江町,ﾅﾐｴﾏﾁ
07548,福島県,葛尾村,ｶﾂﾗｵﾑﾗ
07561,福島県,新地町,ｼﾝﾁﾏﾁ
07564,福島県,飯舘村,ｲｲﾀﾃﾑﾗ
08201,茨城県,水戸市,ﾐﾄｼ
08202,茨城県,日立市,ﾋﾀﾁｼ
08203,茨城県,土浦市,ﾂﾁｳﾗｼ
08204,茨城県,古河市,ｺｶﾞｼ
08205,茨城県,石岡市,ｲｼｵｶｼ
08207,茨城県,結城市,ﾕｳｷｼ
08208,茨城県,龍ケ崎市,ﾘｭｳｶﾞｻｷｼ
08210,茨城県,下妻市,ｼﾓﾂﾏｼ
08211,茨城県,常総市,ｼﾞｮｳｿｳｼ
08212,茨城県,常陸太田市,ﾋﾀﾁｵｵﾀｼ
08214,茨城県,高萩市,ﾀｶﾊｷﾞｼ
08215,茨城県,北茨城市,ｷﾀｲﾊﾞﾗｷｼ
08216,茨城県,笠間市,ｶｻﾏｼ
08217,茨城県,取手市,ﾄﾘﾃﾞｼ
08219,茨城県,牛久市,ｳｼｸｼ
08220,茨城県,つくば市,ﾂｸﾊﾞｼ
08221,茨城県,ひたちなか市,ﾋﾀﾁﾅｶｼ
08222,茨城県,鹿嶋市,ｶｼﾏｼ
08223,茨城県,潮来市,ｲﾀｺｼ
08224,茨城県,守谷市,ﾓﾘﾔｼ
08225,茨城県,常陸大宮市,ﾋﾀﾁｵｵﾐﾔｼ
08226,茨城県,那珂市,ﾅｶｼ
08227,茨城県,筑西市,ﾁｸｾｲｼ
08228,茨城県,坂東市,ﾊﾞﾝﾄﾞｳｼ
08229,茨城県,稲敷市,ｲﾅｼｷｼ
08230,茨城県,かすみがうら市,ｶｽﾐｶﾞｳﾗｼ
08231,茨城県,桜川市,ｻｸﾗｶﾞﾜｼ
08232,茨城県,神栖市,ｶﾐｽｼ
08233,茨城県,行方市,ﾅﾒｶﾞﾀｼ
08234,茨城県,鉾田市,ﾎｺﾀｼ
08235,茨城県,つくばみらい市,ﾂｸﾊﾞﾐﾗｲｼ
08236,茨城県,小美玉市,ｵﾐﾀﾏｼ
08302,茨城県,茨城町,ｲﾊﾞﾗｷﾏﾁ
08309,茨城県,大洗町,ｵｵｱﾗｲﾏﾁ
08310,茨城県,城里町,ｼﾛｻﾄﾏﾁ
08341,茨城県,東海村,ﾄｳｶｲﾑﾗ
08364,茨城県,大子町,ﾀﾞｲｺﾞﾏﾁ
08442,茨城県,美浦村,ﾐﾎﾑﾗ
08443,茨城県,阿見町,ｱﾐﾏﾁ
08447,茨城県,河内町,ｶﾜﾁﾏﾁ
08521,茨城県,八千代町,ﾔﾁﾖﾏﾁ
08542,茨城県,五霞町,ｺﾞｶﾏﾁ
08546,茨城県,境町,ｻｶｲﾏﾁ
08564,茨城県,利根町,ﾄﾈﾏﾁ
09201,栃木県,宇都宮市,ｳﾂﾉﾐﾔｼ
09202,栃木県,足利市,ｱｼｶｶﾞｼ
09203,栃木県,栃木市,ﾄﾁｷﾞｼ
09204,栃木県,佐野市,ｻﾉｼ
09205,栃木県,鹿沼市,ｶﾇﾏｼ
09206,栃木県,日光市,ﾆｯｺｳｼ
09208,栃木県,小山市,ｵﾔﾏｼ
09209,栃木県,真岡市,ﾓｵｶｼ
09210,栃木県,大田原市,ｵｵﾀﾜﾗｼ
09211,栃木県,矢板市,ﾔｲﾀｼ
09213,栃木県,那須塩原市,ﾅｽｼｵﾊﾞﾗｼ
09214,栃木県,さくら市,ｻｸﾗｼ
09215,栃木県,那須烏山市,ﾅｽｶﾗｽﾔﾏｼ
09216,栃木県,下野市,ｼﾓﾂｹｼ
09301,栃木県,上三川町,ｶﾐﾉｶﾜﾏﾁ
09342,栃木県,益子町,ﾏｼｺﾏﾁ
09343,栃木県,茂木町,ﾓﾃｷﾞﾏﾁ
09344,栃木県,市貝町,ｲﾁｶｲﾏﾁ
09345,栃木県,芳賀町,ﾊｶﾞﾏﾁ
09361,栃木県,壬生町,ﾐﾌﾞﾏﾁ
09364,栃木県,野木町,ﾉｷﾞﾏﾁ
09384,栃木県,塩谷町,ｼｵﾔﾏﾁ
09386,栃木県,高根沢町,ﾀｶﾈｻﾞﾜﾏﾁ
09407,栃木県,那須町,ﾅｽﾏﾁ
09411,栃木県,那珂川町,ﾅｶｶﾞﾜﾏﾁ
10201,群馬県,前橋市,ﾏｴﾊﾞｼｼ
10202,群馬県,高崎市,ﾀｶｻｷｼ
10203,群馬県,桐生市,ｷﾘｭｳｼ
10204,群馬県,伊勢崎市,ｲｾｻｷｼ
10205,群馬県,太田市,ｵｵﾀｼ
10206,群馬県,沼田市,ﾇﾏﾀｼ
10207,群馬県,館林市,ﾀﾃﾊﾞﾔｼｼ
10208,群馬県,渋川市,ｼﾌﾞｶﾜｼ
10209,群馬県,藤岡市,ﾌｼﾞｵｶｼ
10210,群馬県,富岡市,ﾄﾐｵｶｼ
10211,群馬県,安中市,ｱﾝﾅｶｼ
10212,群馬県,みどり市,ﾐﾄﾞﾘｼ
10344,群馬県,榛東村,ｼﾝﾄｳﾑﾗ
10345,群馬県,吉岡町,ﾖｼｵｶﾏﾁ
10366,群馬県,上野村,ｳｴﾉﾑﾗ
10367,群馬県,神流町,ｶﾝﾅﾏﾁ
10382,群馬県,下仁田町,ｼﾓﾆﾀﾏﾁ
10383,群馬県,南牧村,ﾅﾝﾓｸﾑﾗ
10384,群馬県,甘楽町,ｶﾝﾗﾏﾁ
10421,群馬県,中之条町,ﾅｶﾉｼﾞﾖｳﾏﾁ
10424,群馬県,長野原町,ﾅｶﾞﾉﾊﾗﾏﾁ
10425,群馬県,嬬恋村,ﾂﾏｺﾞｲﾑﾗ
10426,群馬県,草津町,ｸｻﾂﾏﾁ
10428,群馬県,高山村,ﾀｶﾔﾏﾑﾗ
10429,群馬県,東吾妻町,ﾋｶﾞｼｱｶﾞﾂﾏﾏﾁ
10443,群馬県,片品村,ｶﾀｼﾅﾑﾗ
10444,群馬県,川場村,ｶﾜﾊﾞﾑﾗ
10448,群馬県,昭和村,ｼｮｳﾜﾑﾗ
10449,群馬県,みなかみ町,ﾐﾅｶﾐﾏﾁ
10464,群馬県,玉村町,ﾀﾏﾑﾗﾏﾁ
10521,群馬県,板倉町,ｲﾀｸﾗﾏﾁ
10522,群馬県,明和町,ﾒｲﾜﾏﾁ
10523,群馬県,千代田町,ﾁﾖﾀﾞﾏﾁ
10524,群馬県,大泉町,ｵｵｲｽﾞﾐﾏﾁ
10525,群馬県,邑楽町,ｵｳﾗﾏﾁ
11100,埼玉県,さいたま市,ｻｲﾀﾏｼ
11201,埼玉県,川越市,ｶﾜｺﾞｴｼ
11202,埼玉県,熊谷市,ｸﾏｶﾞﾔｼ
11203,埼玉県,川口市,ｶﾜｸﾞﾁｼ
11206,埼玉県,行田市,ｷﾞﾖｳﾀﾞｼ
11207,埼玉県,秩父市,ﾁﾁﾌﾞｼ
11208,埼玉県,所沢市,ﾄｺﾛｻﾞﾜｼ
11209,埼玉県,飯能市,ﾊﾝﾉｳｼ
11210,埼玉県,加須市,ｶｿﾞｼ
11211,埼玉県,本庄市,ﾎﾝｼﾞﾖｳｼ
11212,埼玉県,東松山市,ﾋｶﾞｼﾏﾂﾔﾏｼ
11214,埼玉県,春日部市,ｶｽｶﾍﾞｼ
11215,埼玉県,狭山市,ｻﾔﾏｼ
11216,埼玉県,羽生市,ﾊﾆﾕｳｼ
11217,埼玉県,鴻巣市,ｺｳﾉｽｼ
11218,埼玉県,深谷市,ﾌｶﾔｼ
11219,埼玉県,上尾市,ｱｹﾞｵｼ
11221,埼玉県,草加市,ｿｳｶｼ
11222,埼玉県,越谷市,ｺｼｶﾞﾔｼ
11223,埼玉県,蕨市,ﾜﾗﾋﾞｼ
11224,埼玉県,戸田市,ﾄﾀﾞｼ
11225,埼玉県,入間市,ｲﾙﾏｼ
11227,埼玉県,朝霞市,ｱｻｶｼ
11228,埼玉県,志木市,ｼｷｼ
11229,埼玉県,和光市,ﾜｺｳｼ
11230,埼玉県,新座市,ﾆｲｻﾞｼ
11231,埼玉県,桶川市,ｵｹｶﾞﾜｼ
11232,埼玉県,久喜市,ｸｷｼ
11233,埼玉県,北本市,ｷﾀﾓﾄｼ
11234,埼玉県,八潮市,ﾔｼｵｼ
11235,埼玉県,富士見市,ﾌｼﾞﾐｼ
11237,埼玉県,三郷市,ﾐｻﾄｼ
11238,埼玉県,蓮田市,ﾊｽﾀﾞｼ
11239,埼玉県,坂戸市,ｻｶﾄﾞｼ
11240,埼玉県,幸手市,ｻｯﾃｼ
11241,埼玉県,鶴ヶ島市,ﾂﾙｶﾞｼﾏｼ
11242,埼玉県,日高市,ﾋﾀﾞｶｼ
11243,埼玉県,吉川市,ﾖｼｶﾜｼ
11245,埼玉県,ふじみ野市,ﾌｼﾞﾐﾉｼ
11246,埼玉県,白岡市,ｼﾗｵｶｼ
11301,埼玉県,伊奈町,ｲﾅﾏﾁ
11324,埼玉県,三芳町,ﾐﾖｼﾏﾁ
11326,埼玉県,毛呂山町,ﾓﾛﾔﾏﾏﾁ
11327,埼玉県,越生町,ｵｺﾞｾﾏﾁ
11341,埼玉県,滑川町,ﾅﾒｶﾞﾜﾏﾁ
11342,埼玉県,嵐山町,ﾗﾝｻﾞﾝﾏﾁ
11343,埼玉県,小川町,ｵｶﾞﾜﾏﾁ
11346,埼玉県,川島町,ｶﾜｼﾞﾏﾏﾁ
11347,埼玉県,吉見町,ﾖｼﾐﾏﾁ
11348,埼玉県,鳩山町,ﾊﾄﾔﾏﾏﾁ
11349,埼玉県,ときがわ町,ﾄｷｶﾞﾜﾏﾁ
11361,埼玉県,横瀬町,ﾖｺｾﾞﾏﾁ
11362,埼玉県,皆野町,ﾐﾅﾉﾏﾁ
11363,埼玉県,長瀞町,ﾅｶﾞﾄﾛﾏﾁ
11365,埼玉県,小鹿野町,ｵｶﾞﾉﾏﾁ
11369,埼玉県,東秩父村,ﾋｶﾞｼﾁﾁﾌﾞﾑﾗ
11381,埼玉県,美里町,ﾐｻﾄﾏﾁ
11383,埼玉県,神川町,ｶﾐｶﾜﾏﾁ
11385,埼玉県,上里町,ｶﾐｻﾄﾏﾁ
11408,埼玉県,寄居町,ﾖﾘｲﾏﾁ
11442,埼玉県,宮代町,ﾐﾔｼﾛﾏﾁ
11464,埼玉県,杉戸町,ｽｷﾞﾄﾏﾁ
11465,埼玉県,松伏町,ﾏﾂﾌﾞｼﾏﾁ
12100,千葉県,千葉市,ﾁﾊﾞｼ
12202,千葉県,銚子市,ﾁｮｳｼｼ
12203,千葉県,市川市,ｲﾁｶﾜｼ
12204,千葉県,船橋市,ﾌﾅﾊﾞｼｼ
12205,千葉県,館山市,ﾀﾃﾔﾏｼ
12206,千葉県,木更津市,ｷｻﾗﾂﾞｼ
12207,千葉県,松戸市,ﾏﾂﾄﾞｼ
12208,千葉県,野田市,ﾉﾀﾞｼ
12210,千葉県,茂原市,ﾓﾊﾞﾗｼ
12211,千葉県,成田市,ﾅﾘﾀｼ
12212,千葉県,佐倉市,ｻｸﾗｼ
12213,千葉県,東金市,ﾄｳｶﾞﾈｼ
12215,千葉県,旭市,ｱｻﾋｼ
12216,千葉県,習志野市,ﾅﾗｼﾉｼ
12217,千葉県,柏市,ｶｼﾜｼ
12218,千葉県,勝浦市,ｶﾂｳﾗｼ
12219,千葉県,市原市,ｲﾁﾊﾗｼ
12220,千葉県,流山市,ﾅｶﾞﾚﾔﾏｼ
12221,千葉県,八千代市,ﾔﾁﾖｼ
12222,千葉県,我孫子市,ｱﾋﾞｺｼ
12223,千葉県,鴨川市,ｶﾓｶﾞﾜｼ
12224,千葉県,鎌ケ谷市,ｶﾏｶﾞﾔｼ
12225,千葉県,君津市,ｷﾐﾂｼ
12226,千葉県,富津市,ﾌｯﾂｼ
12227,千葉県,浦安市,ｳﾗﾔｽｼ
12228,千葉県,四街道市,ﾖﾂｶｲﾄﾞｳｼ
12229,千葉県,袖ケ浦市,ｿﾃﾞｶﾞｳﾗｼ
12230,千葉県,八街市,ﾔﾁﾏﾀｼ
12231,千葉県,印西市,ｲﾝｻﾞｲｼ
12232,千葉県,白井市,ｼﾛｲｼ
12233,千葉県,富里市,ﾄﾐｻﾄｼ
12234,千葉県,南房総市,ﾐﾅﾐﾎﾞｳｿｳｼ
12235,千葉県,匝瑳市,ｿｳｻｼ
12236,千葉県,香取市,ｶﾄﾘｼ
12237,千葉県,山武市,ｻﾝﾑｼ
12238,千葉県,いすみ市,ｲｽﾐｼ
12239,千葉県,大網白里市,ｵｵｱﾐｼﾗｻﾄｼ
12322,千葉県,酒々井町,ｼｽｲﾏﾁ
12329,千葉県,栄町,ｻｶｴﾏﾁ
12342,千葉県,神崎町,ｺｳｻﾞｷﾏﾁ
12347,千葉県,多古町,ﾀｺﾏﾁ
12349,千葉県,東庄町,ﾄｳﾉｼｮｳﾏﾁ
12403,千葉県,九十九里町,ｸｼﾞﾕｳｸﾘﾏﾁ
12409,千葉県,芝山町,ｼﾊﾞﾔﾏﾏﾁ
12410,千葉県,横芝光町,ﾖｺｼﾊﾞﾋｶﾘﾏﾁ
12421,千葉県,一宮町,ｲﾁﾉﾐﾔﾏﾁ
12422,千葉県,睦沢町,ﾑﾂｻﾞﾜﾏﾁ
12423,千葉県,長生村,ﾁｮｳｾｲﾑﾗ
12424,千葉県,白子町,ｼﾗｺﾏﾁ
12426,千葉県,長柄町,ﾅｶﾞﾗﾏﾁ
12427,千葉県,長南町,ﾁｮｳﾅﾝﾏﾁ
12441,千葉県,大多喜町,ｵｵﾀｷﾏﾁ
12443,千葉県,御宿町,ｵﾝｼﾞﾕｸﾏﾁ
12463,千葉県,鋸南町,ｷﾖﾅﾝﾏﾁ
13101,東京都,千代田区,ﾁﾖﾀﾞｸ
13102,東京都,中央区,ﾁｭｳｵｳｸ
13103,東京都,港区,ﾐﾅﾄｸ
13104,東京都,新宿区,ｼﾝｼﾞｭｸｸ
13105,東京都,文京区,ﾌﾞﾝｷｮｳｸ
13106,東京都,台東区,ﾀｲﾄｳｸ
13107,東京都,墨田区,ｽﾐﾀﾞｸ
13108,東京都,江東区,ｺｳﾄｳｸ
13109,東京都,品川区,ｼﾅｶﾞﾜｸ
13110,東京都,目黒区,ﾒｸﾞﾛｸ
13111,東京都,大田区,ｵｵﾀｸ
13112,東京都,世田谷区,ｾﾀｶﾞﾔｸ
13113,東京都,渋谷区,ｼﾌﾞﾔｸ
13114,東京都,中野区,ﾅｶﾉｸ
13115,東京都,杉並区,ｽｷﾞﾅﾐｸ
13116,東京都,豊島区,ﾄｼﾏｸ
13117,東京都,北区,ｷﾀｸ
13118,東京都,荒川区,ｱﾗｶﾜｸ
13119,東京都,板橋区,ｲﾀﾊﾞｼｸ
13120,東京都,練馬区,ﾈﾘﾏｸ
13121,東京都,足立区,ｱﾀﾞﾁｸ
13122,東京都,葛飾区,ｶﾂｼｶｸ
13123,東京都,江戸川区,ｴﾄﾞｶﾞﾜｸ
13201,東京都,八王子市,ﾊﾁｵｳｼﾞｼ
13202,東京都,立川市,ﾀﾁｶﾜｼ
13203,東京都,武蔵野市,ﾑｻｼﾉｼ
13204,東京都,三鷹市,ﾐﾀｶｼ
13205,東京都,青梅市,ｵｳﾒｼ
13206,東京都,府中市,ﾌﾁｭｳｼ
13207,東京都,昭島市,ｱｷｼﾏｼ
13208,東京都,調布市,ﾁｮｳﾌｼ
13209,東京都,町田市,ﾏﾁﾀﾞｼ
13210,東京都,小金井市,ｺｶﾞﾈｲｼ
13211,東京都,小平市,ｺﾀﾞｲﾗｼ
13212,東京都,日野市,ﾋﾉｼ
13213,東京都,東村山市,ﾋｶﾞｼﾑﾗﾔﾏｼ
13214,東京都,国分寺市,ｺｸﾌﾞﾝｼﾞｼ
13215,東京都,国立市,ｸﾆﾀﾁｼ
13218,東京都,福生市,ﾌｯｻｼ
13219,東京都,狛江市,ｺﾏｴｼ
13220,東京都,東大和市,ﾋｶﾞｼﾔﾏﾄｼ
13221,東京都,清瀬市,ｷﾖｾｼ
13222,東京都,東久留米市,ﾋｶﾞｼｸﾙﾒｼ
13223,東京都,武蔵村山市,ﾑｻｼﾑﾗﾔﾏｼ
13224,東京都,多摩市,ﾀﾏｼ
13225,東京都,稲城市,ｲﾅｷﾞｼ
13227,東京都,羽村市,ﾊﾑﾗｼ
13228,東京都,あきる野市,ｱｷﾙﾉｼ
13229,東京都,西東京市,ﾆｼﾄｳｷｮｳｼ
13303,東京都,瑞穂町,ﾐｽﾞﾎﾏﾁ
13305,東京都,日の出町,ﾋﾉﾃﾞﾏﾁ
13307,東京都,檜原村,ﾋﾉﾊﾗﾑﾗ
13308,東京都,奥多摩町,ｵｸﾀﾏﾏﾁ
13361,東京都,大島町,ｵｵｼﾏﾏﾁ
13362,東京都,利島村,ﾄｼﾏﾑﾗ
13363,東京都,新島村,ﾆｲｼﾞﾏﾑﾗ
13364,東京都,神津島村,ｺｳﾂﾞｼﾏﾑﾗ
13381,東京都,三宅村,ﾐﾔｹﾑﾗ
13382,東京都,御蔵島村,ﾐｸﾗｼﾞﾏﾑﾗ
13401,東京都,八丈町,ﾊﾁｼﾞｮｳﾏﾁ
13402,東京都,青ヶ島村,ｱｵｶﾞｼﾏﾑﾗ
13421,東京都,小笠原村,ｵｶﾞｻﾜﾗﾑﾗ
14100,神奈川県,横浜市,ﾖｺﾊﾏｼ
14130,神奈川県,川崎市,ｶﾜｻｷｼ
14150,神奈川県,相模原市,ｻｶﾞﾐﾊﾗｼ
14201,神奈川県,横須賀市,ﾖｺｽｶｼ
14203,神奈川県,平塚市,ﾋﾗﾂｶｼ
14204,神奈川県,鎌倉市,ｶﾏｸﾗｼ
14205,神奈川県,藤沢市,ﾌｼﾞｻﾜｼ
14206,神奈川県,小田原市,ｵﾀﾞﾜﾗｼ
14207,神奈川県,茅ヶ崎市,ﾁｶﾞｻｷｼ
14208,神奈川県,逗子市,ｽﾞｼｼ
14210,神奈川県,三浦市,ﾐｳﾗｼ
14211,神奈川県,秦野市,ﾊﾀﾞﾉｼ
14212,神奈川県,厚木市,ｱﾂｷﾞｼ
14213,神奈川県,大和市,ﾔﾏﾄｼ
14214,神奈川県,伊勢原市,ｲｾﾊﾗｼ
14215,神奈川県,海老名市,ｴﾋﾞﾅｼ
14216,神奈川県,座間市,ｻﾞﾏｼ
14217,神奈川県,南足柄市,ﾐﾅﾐｱｼｶﾞﾗｼ
14218,神奈川県,綾瀬市,ｱﾔｾｼ
14301,神奈川県,葉山町,ﾊﾔﾏﾏﾁ
14321,神奈川県,寒川町,ｻﾑｶﾜﾏﾁ
14341,神奈川県,大磯町,ｵｵｲｿﾏﾁ
14342,神奈川県,二宮町,ﾆﾉﾐﾔﾏﾁ
14361,神奈川県,中井町,ﾅｶｲﾏﾁ
14362,神奈川県,大井町,ｵｵｲﾏﾁ
14363,神奈川県,松田町,ﾏﾂﾀﾞﾏﾁ
14364,神奈川県,山北町,ﾔﾏｷﾀﾏﾁ
14366,神奈川県,開成町,ｶｲｾｲﾏﾁ
14382,神奈川県,箱根町,ﾊｺﾈﾏﾁ
14383,神奈川県,真鶴町,ﾏﾅﾂﾙﾏﾁ
14384,神奈川県,湯河原町,ﾕｶﾞﾜﾗﾏﾁ
14401,神奈川県,愛川町,ｱｲｶﾜﾏﾁ
14402,神奈川県,清川村,ｷﾖｶﾜﾑﾗ
15100,新潟県,新潟市,ﾆｲｶﾞﾀｼ
15202,新潟県,長岡市,ﾅｶﾞｵｶｼ
15204,新潟県,三条市,ｻﾝｼﾞｮｳｼ
15205,新潟県,柏崎市,ｶｼﾜｻﾞｷｼ
15206,新潟県,新発田市,ｼﾊﾞﾀｼ
15208,新潟県,小千谷市,ｵﾁﾞﾔｼ
15209,新潟県,加茂市,ｶﾓｼ
15210,新潟県,十日町市,ﾄｵｶﾏﾁｼ
15211,新潟県,見附市,ﾐﾂｹｼ
15212,新潟県,村上市,ﾑﾗｶﾐｼ
15213,新潟県,燕市,ﾂﾊﾞﾒｼ
15216,新潟県,糸魚川市,ｲﾄｲｶﾞﾜｼ
15217,新潟県,妙高市,ﾐｮｳｺｳｼ
15218,新潟県,五泉市,ｺﾞｾﾝｼ
15222,新潟県,上越市,ｼﾞｮｳｴﾂｼ
15223,新潟県,阿賀野市,ｱｶﾞﾉｼ
15224,新潟県,佐渡市,ｻﾄﾞｼ
15225,新潟県,魚沼市,ｳｵﾇﾏｼ
15226,新潟県,南魚沼市,ﾐﾅﾐｳｵﾇﾏｼ
15227,新潟県,胎内市,ﾀｲﾅｲｼ
15307,新潟県,聖籠町,ｾｲﾛｳﾏﾁ
15342,新潟県,弥彦村,ﾔﾋｺﾑﾗ
15361,新潟県,田上町,ﾀｶﾞﾐﾏﾁ
15385,新潟県,阿賀町,ｱｶﾞﾏﾁ
15405,新潟県,出雲崎町,ｲｽﾞﾓｻﾞｷﾏﾁ
15461,新潟県,湯沢町,ﾕｻﾞﾜﾏﾁ
15482,新潟県,津南町,ﾂﾅﾝﾏﾁ
15504,新潟県,刈羽村,ｶﾘﾜﾑﾗ
15581,新潟県,関川村,ｾｷｶﾜﾑﾗ
15586,新潟県,粟島浦村,ｱﾜｼﾏｳﾗﾑﾗ
16201,富山県,富山市,ﾄﾔﾏｼ
16202,富山県,高岡市,ﾀｶｵｶｼ
16204,富山県,魚津市,ｳｵﾂﾞｼ
16205,富山県,氷見市,ﾋﾐｼ
16206,富山県,滑川市,ﾅﾒﾘｶﾜｼ
16207,富山県,黒部市,ｸﾛﾍﾞｼ
16208,富山県,砺波市,ﾄﾅﾐｼ
16209,富山県,小矢部市,ｵﾔﾍﾞｼ
16210,富山県,南砺市,ﾅﾝﾄｼ
16211,富山県,射水市,ｲﾐｽﾞｼ
16321,富山県,舟橋村,ﾌﾅﾊｼﾑﾗ
16322,富山県,上市町,ｶﾐｲﾁﾏﾁ
16323,富山県,立山町,ﾀﾃﾔﾏﾏﾁ
16342,富山県,入善町,ﾆｭｳｾﾞﾝﾏﾁ
16343,富山県,朝日町,ｱｻﾋﾏﾁ
17201,石川県,金沢市,ｶﾅｻﾞﾜｼ
17202,石川県,七尾市,ﾅﾅｵｼ
17203,石川県,小松市,ｺﾏﾂｼ
17204,石川県,輪島市,ﾜｼﾞﾏｼ
17205,石川県,珠洲市,ｽｽﾞｼ
17206,石川県,加賀市,ｶｶﾞｼ
17207,石川県,羽咋市,ﾊｸｲｼ
17209,石川県,かほく市,ｶﾎｸｼ
17210,石川県,白山市,ﾊｸｻﾝｼ
17211,石川県,能美市,ﾉﾐｼ
17212,石川県,野々市市,ﾉﾉｲﾁｼ
17324,石川県,川北町,ｶﾜｷﾀﾏﾁ
17361,石川県,津幡町,ﾂﾊﾞﾀﾏﾁ
17365,石川県,内灘町,ｳﾁﾅﾀﾞﾏﾁ
17384,石川県,志賀町,ｼｶﾏﾁ
17386,石川県,宝達志水町,ﾎｳﾀﾞﾂｼﾐｽﾞﾁｮｳ
17407,石川県,中能登町,ﾅｶﾉﾄﾏﾁ
17461,石川県,穴水町,ｱﾅﾐｽﾞﾏﾁ
17463,石川県,能登町,ﾉﾄﾁｮｳ
18201,福井県,福井市,ﾌｸｲｼ
18202,福井県,敦賀市,ﾂﾙｶﾞｼ
18204,福井県,小浜市,ｵﾊﾞﾏｼ
18205,福井県,大野市,ｵｵﾉｼ
18206,福井県,勝山市,ｶﾂﾔﾏｼ
18207,福井県,鯖江市,ｻﾊﾞｴｼ
18208,福井県,あわら市,ｱﾜﾗｼ
18209,福井県,越前市,ｴﾁｾﾞﾝｼ
18210,福井県,坂井市,ｻｶｲｼ
18322,福井県,永平寺町,ｴｲﾍｲｼﾞﾁｮｳ
18382,福井県,池田町,ｲｹﾀﾞﾁｮｳ
18404,福井県,南越前町,ﾐﾅﾐｴﾁｾﾞﾝﾁｮｳ
18423,福井県,越前町,ｴﾁｾﾞﾝﾁｮｳ
18442,福井県,美浜町,ﾐﾊﾏﾁｮｳ
18481,福井県,高浜町,ﾀｶﾊﾏﾁｮｳ
18483,福井県,おおい町,ｵｵｲﾁｮｳ
18501,福井県,若狭町,ﾜｶｻﾁｮｳ
19201,山梨県,甲府市,ｺｳﾌｼ
19202,山梨県,富士吉田市,ﾌｼﾞﾖｼﾀﾞｼ
19204,山梨県,都留市,ﾂﾙｼ
19205,山梨県,山梨市,ﾔﾏﾅｼｼ
19206,山梨県,大月市,ｵｵﾂｷｼ
19207,山梨県,韮崎市,ﾆﾗｻｷｼ
19208,山梨県,南アルプス市,ﾐﾅﾐｱﾙﾌﾟｽｼ
19209,山梨県,北杜市,ﾎｸﾄｼ
19210,山梨県,甲斐市,ｶｲｼ
19211,山梨県,笛吹市,ﾌｴﾌｷｼ
19212,山梨県,上野原市,ｳｴﾉﾊﾗｼ
19213,山梨県,甲州市,ｺｳｼｭｳｼ
19214,山梨県,中央市,ﾁｭｳｵｳｼ
19346,山梨県,市川三郷町,ｲﾁｶﾜﾐｻﾄﾁｮｳ
19364,山梨県,早川町,ﾊﾔｶﾜﾁｮｳ
19365,山梨県,身延町,ﾐﾉﾌﾞﾁｮｳ
19366,山梨県,南部町,ﾅﾝﾌﾞﾁｮｳ
19368,山梨県,富士川町,ﾌｼﾞｶﾜﾁｮｳ
19384,山梨県,昭和町,ｼｮｳﾜﾁｮｳ
19422,山梨県,道志村,ﾄﾞｳｼﾑﾗ
19423,山梨県,西桂町,ﾆｼｶﾂﾗﾁｮｳ
19424,山梨県,忍野村,ｵｼﾉﾑﾗ
19425,山梨県,山中湖村,ﾔﾏﾅｶｺﾑﾗ
19429,山梨県,鳴沢村,ﾅﾙｻﾜﾑﾗ
19430,山梨県,富士河口湖町,ﾌｼﾞｶﾜｸﾞﾁｺﾏﾁ
19442,山梨県,小菅村,ｺｽｹﾞﾑﾗ
19443,山梨県,丹波山村,ﾀﾊﾞﾔﾏﾑﾗ
20201,長野県,長野市,ﾅｶﾞﾉｼ
20202,長野県,松本市,ﾏﾂﾓﾄｼ
20203,長野県,上田市,ｳｴﾀﾞｼ
20204,長野県,岡谷市,ｵｶﾔｼ
20205,長野県,飯田市,ｲｲﾀﾞｼ
20206,長野県,諏訪市,ｽﾜｼ
20207,長野県,須坂市,ｽｻﾞｶｼ
20208,長野県,小諸市,ｺﾓﾛｼ
20209,長野県,伊那市,ｲﾅｼ
20210,長野県,駒ヶ根市,ｺﾏｶﾞﾈｼ
20211,長野県,中野市,ﾅｶﾉｼ
20212,長野県,大町市,ｵｵﾏﾁｼ
20213,長野県,飯山市,ｲｲﾔﾏｼ
20214,長野県,茅野市,ﾁﾉｼ
20215,長野県,塩尻市,ｼｵｼﾞﾘｼ
20217,長野県,佐久市,ｻｸｼ
20218,長野県,千曲市,ﾁｸﾏｼ
20219,長野県,東御市,ﾄｳﾐｼ
20220,長野県,安曇野市,ｱﾂﾞﾐﾉｼ
20303,長野県,小海町,ｺｳﾐﾏﾁ
20304,長野県,川上村,ｶﾜｶﾐﾑﾗ
20305,長野県,南牧村,ﾐﾅﾐﾏｷﾑﾗ
20306,長野県,南相木村,ﾐﾅﾐｱｲｷﾑﾗ
20307,長野県,北相木村,ｷﾀｱｲｷﾑﾗ
20309,長野県,佐久穂町,ｻｸﾎﾏﾁ
20321,長野県,軽井沢町,ｶﾙｲｻﾞﾜﾏﾁ
20323,長野県,御代田町,ﾐﾖﾀﾏﾁ
20324,長野県,立科町,ﾀﾃｼﾅﾏﾁ
20349,長野県,青木村,ｱｵｷﾑﾗ
20350,長野県,長和町,ﾅｶﾞﾜﾏﾁ
20361,長野県,下諏訪町,ｼﾓｽﾜﾏﾁ
20362,長野県,富士見町,ﾌｼﾞﾐﾏﾁ
20363,長野県,原村,ﾊﾗﾑﾗ
20382,長野県,辰野町,ﾀﾂﾉﾏﾁ
20383,長野県,箕輪町,ﾐﾉﾜﾏﾁ
20384,長野県,飯島町,ｲｲｼﾞﾏﾏﾁ
20385,長野県,南箕輪村,ﾐﾅﾐﾐﾉﾜﾑﾗ
20386,長野県,中川村,ﾅｶｶﾞﾜﾑﾗ
20388,長野県,宮田村,ﾐﾔﾀﾞﾑﾗ
20402,長野県,松川町,ﾏﾂｶﾜﾏﾁ
20403,長野県,高森町,ﾀｶﾓﾘﾏﾁ
20404,長野県,阿南町,ｱﾅﾝﾁｮｳ
20407,長野県,阿智村,ｱﾁﾑﾗ
20409,長野県,平谷村,ﾋﾗﾔﾑﾗ
20410,長野県,根羽村,ﾈﾊﾞﾑﾗ
20411,長野県,下條村,ｼﾓｼﾞｮｳﾑﾗ
20412,長野県,売木村,ｳﾙｷﾞﾑﾗ
20413,長野県,天龍村,ﾃﾝﾘｭｳﾑﾗ
20414,長野県,泰阜村,ﾔｽｵｶﾑﾗ
20415,長野県,喬木村,ﾀｶｷﾞﾑﾗ
20416,長野県,豊丘村,ﾄﾖｵｶﾑﾗ
20417,長野県,大鹿村,ｵｵｼｶﾑﾗ
20422,長野県,上松町,ｱｹﾞﾏﾂﾏﾁ
20423,長野県,南木曽町,ﾅｷﾞｿﾏﾁ
20425,長野県,木祖村,ｷｿﾑﾗ
20429,長野県,王滝村,ｵｳﾀｷﾑﾗ
20430,長野県,大桑村,ｵｵｸﾜﾑﾗ
20432,長野県,木曽町,ｷｿﾏﾁ
20446,長野県,麻績村,ｵﾐﾑﾗ
20448,長野県,生坂村,ｲｸｻｶﾑﾗ
20450,長野県,山形村,ﾔﾏｶﾞﾀﾑﾗ
20451,長野県,朝日村,ｱｻﾋﾑﾗ
20452,長野県,筑北村,ﾁｸﾎｸﾑﾗ
20481,長野県,池田町,ｲｹﾀﾞﾏﾁ
20482,長野県,松川村,ﾏﾂｶﾜﾑﾗ
20485,長野県,白馬村,ﾊｸﾊﾞﾑﾗ
20486,長野県,小谷村,ｵﾀﾘﾑﾗ
20521,長野県,坂城町,ｻｶｷﾏﾁ
20541,長野県,小布施町,ｵﾌﾞｾﾏﾁ
20543,長野県,高山村,ﾀｶﾔﾏﾑﾗ
20561,長野県,山ノ内町,ﾔﾏﾉｳﾁﾏﾁ
20562,長野県,木島平村,ｷｼﾞﾏﾀﾞｲﾗﾑﾗ
20563,長野県,野沢温泉村,ﾉｻﾞﾜｵﾝｾﾝﾑﾗ
20583,長野県,信濃町,ｼﾅﾉﾏﾁ
20588,長野県,小川村,ｵｶﾞﾜﾑﾗ
20590,長野県,飯綱町,ｲｲﾂﾞﾅﾏﾁ
20602,長野県,栄村,ｻｶｴﾑﾗ
21201,岐阜県,岐阜市,ｷﾞﾌｼ
21202,岐阜県,大垣市,ｵｵｶﾞｷｼ
21203,岐阜県,高山市,ﾀｶﾔﾏｼ
21204,岐阜県,多治見市,ﾀｼﾞﾐｼ
21205,岐阜県,関市,ｾｷｼ
21206,岐阜県,中津川市,ﾅｶﾂｶﾞﾜｼ
21207,岐阜県,美濃市,ﾐﾉｼ
21208,岐阜県,瑞浪市,ﾐｽﾞﾅﾐｼ
21209,岐阜県,羽島市,ﾊｼﾏｼ
21210,岐阜県,恵那市,ｴﾅｼ
21211,岐阜県,美濃加茂市,ﾐﾉｶﾓｼ
21212,岐阜県,土岐市,ﾄｷｼ
21213,岐阜県,各務原市,ｶｶﾐｶﾞﾊﾗｼ
21214,岐阜県,可児市,ｶﾆｼ
21215,岐阜県,山県市,ﾔﾏｶﾞﾀｼ
21216,岐阜県,瑞穂市,ﾐｽﾞﾎｼ
21217,岐阜県,飛騨市,ﾋﾀﾞｼ
21218,岐阜県,本巣市,ﾓﾄｽｼ
21219,岐阜県,郡上市,ｸﾞｼﾞｮｳｼ
21220,岐阜県,下呂市,ｹﾞﾛｼ
21221,岐阜県,海津市,ｶｲﾂﾞｼ
21302,岐阜県,岐南町,ｷﾞﾅﾝﾁｮｳ
21303,岐阜県,笠松町,ｶｻﾏﾂﾁｮｳ
21341,岐阜県,養老町,ﾖｳﾛｳﾁｮｳ
21361,岐阜県,垂井町,ﾀﾙｲﾁｮｳ
21362,岐阜県,関ケ原町,ｾｷｶﾞﾊﾗﾁｮｳ
21381,岐阜県,神戸町,ｺﾞｳﾄﾞﾁｮｳ
21382,岐阜県,輪之内町,ﾜﾉｳﾁﾁｮｳ
21383,岐阜県,安八町,ｱﾝﾊﾟﾁﾁｮｳ
21401,岐阜県,揖斐川町,ｲﾋﾞｶﾞﾜﾁｮｳ
21403,岐阜県,大野町,ｵｵﾉﾁｮｳ
21404,岐阜県,池田町,ｲｹﾀﾞﾁｮｳ
21421,岐阜県,北方町,ｷﾀｶﾞﾀﾁｮｳ
21501,岐阜県,坂祝町,ｻｶﾎｷﾞﾁｮｳ
21502,岐阜県,富加町,ﾄﾐｶﾁｮｳ
21503,岐阜県,川辺町,ｶﾜﾍﾞﾁｮｳ
21504,岐阜県,七宗町,ﾋﾁｿｳﾁｮｳ
21505,岐阜県,八百津町,ﾔｵﾂﾁｮｳ
21506,岐阜県,白川町,ｼﾗｶﾜﾁｮｳ
21507,岐阜県,東白川村,ﾋｶﾞｼｼﾗｶﾜﾑﾗ
21521,岐阜県,御嵩町,ﾐﾀｹﾁｮｳ
21604,岐阜県,白川村,ｼﾗｶﾜﾑﾗ
22100,静岡県,静岡市,ｼｽﾞｵｶｼ
22130,静岡県,浜松市,ﾊﾏﾏﾂｼ
22203,静岡県,沼津市,ﾇﾏﾂﾞｼ
22205,静岡県,熱海市,ｱﾀﾐｼ
22206,静岡県,三島市,ﾐｼﾏｼ
22207,静岡県,富士宮市,ﾌｼﾞﾉﾐﾔｼ
22208,静岡県,伊東市,ｲﾄｳｼ
22209,静岡県,島田市,ｼﾏﾀﾞｼ
22210,静岡県,富士市,ﾌｼﾞｼ
22211,静岡県,磐田市,ｲﾜﾀｼ
22212,静岡県,焼津市,ﾔｲﾂﾞｼ
22213,静岡県,掛川市,ｶｹｶﾞﾜｼ
22214,静岡県,藤枝市,ﾌｼﾞｴﾀﾞｼ
22215,静岡県,御殿場市,ｺﾞﾃﾝﾊﾞｼ
22216,静岡県,袋井市,ﾌｸﾛｲｼ
22219,静岡県,下田市,ｼﾓﾀﾞｼ
22220,静岡県,裾野市,ｽｿﾉｼ
22221,静岡県,湖西市,ｺｻｲｼ
22222,静岡県,伊豆市,ｲｽﾞｼ
22223,静岡県,御前崎市,ｵﾏｴｻﾞｷｼ
22224,静岡県,菊川市,ｷｸｶﾞﾜｼ
22225,静岡県,伊豆の国市,ｲｽﾞﾉｸﾆｼ
22226,静岡県,牧之原市,ﾏｷﾉﾊﾗｼ
22301,静岡県,東伊豆町,ﾋｶﾞｼｲｽﾞﾁｮｳ
22302,静岡県,河津町,ｶﾜﾂﾞﾁｮｳ
22304,静岡県,南伊豆町,ﾐﾅﾐｲｽﾞﾁｮｳ
22305,静岡県,松崎町,ﾏﾂｻﾞｷﾁｮｳ
22306,静岡県,西伊豆町,ﾆｼｲｽﾞﾁｮｳ
22325,静岡県,函南町,ｶﾝﾅﾐﾁｮｳ
22341,静岡県,清水町,ｼﾐｽﾞﾁｮｳ
22342,静岡県,長泉町,ﾅｶﾞｲｽﾞﾐﾁｮｳ
22344,静岡県,小山町,ｵﾔﾏﾁｮｳ
22424,静岡県,吉田町,ﾖｼﾀﾞﾁｮｳ
22429,静岡県,川根本町,ｶﾜﾈﾎﾝﾁｮｳ
22461,静岡県,森町,ﾓﾘﾏﾁ
23100,愛知県,名古屋市,ﾅｺﾞﾔｼ
23201,愛知県,豊橋市,ﾄﾖﾊｼｼ
23202,愛知県,岡崎市,ｵｶｻﾞｷｼ
23203,愛知県,一宮市,ｲﾁﾉﾐﾔｼ
23204,愛知県,瀬戸市,ｾﾄｼ
23205,愛知県,半田市,ﾊﾝﾀﾞｼ
23206,愛知県,春日井市,ｶｽｶﾞｲｼ
23207,愛知県,豊川市,ﾄﾖｶﾜｼ
23208,愛知県,津島市,ﾂｼﾏｼ
23209,愛知県,碧南市,ﾍｷﾅﾝｼ
23210,愛知県,刈谷市,ｶﾘﾔｼ
23211,愛知県,豊田市,ﾄﾖﾀｼ
23212,愛知県,安城市,ｱﾝｼﾞｮｳｼ
23213,愛知県,西尾市,ﾆｼｵｼ
23214,愛知県,蒲郡市,ｶﾞﾏｺﾞｵﾘｼ
23215,愛知県,犬山市,ｲﾇﾔﾏｼ
23216,愛知県,常滑市,ﾄｺﾅﾒｼ
23217,愛知県,江南市,ｺｳﾅﾝｼ
23219,愛知県,小牧市,ｺﾏｷｼ
23220,愛知県,稲沢市,ｲﾅｻﾞﾜｼ
23221,愛知県,新城市,ｼﾝｼﾛｼ
23222,愛知県,東海市,ﾄｳｶｲｼ
23223,愛知県,大府市,ｵｵﾌﾞｼ
23224,愛知県,知多市,ﾁﾀｼ
23225,愛知県,知立市,ﾁﾘｭｳｼ
23226,愛知県,尾張旭市,ｵﾜﾘｱｻﾋｼ
23227,愛知県,高浜市,ﾀｶﾊﾏｼ
23228,愛知県,岩倉市,ｲﾜｸﾗｼ
23229,愛知県,豊明市,ﾄﾖｱｹｼ
23230,愛知県,日進市,ﾆｯｼﾝｼ
23231,愛知県,田原市,ﾀﾊﾗｼ
23232,愛知県,愛西市,ｱｲｻｲｼ
23233,愛知県,清須市,ｷﾖｽｼ
23234,愛知県,北名古屋市,ｷﾀﾅｺﾞﾔｼ
23235,愛知県,弥富市,ﾔﾄﾐｼ
23236,愛知県,みよし市,ﾐﾖｼｼ
23237,愛知県,あま市,ｱﾏｼ
23238,愛知県,長久手市,ﾅｶﾞｸﾃｼ
23302,愛知県,東郷町,ﾄｳｺﾞｳﾁｮｳ
23342,愛知県,豊山町,ﾄﾖﾔﾏﾁｮｳ
23361,愛知県,大口町,ｵｵｸﾞﾁﾁｮｳ
23362,愛知県,扶桑町,ﾌｿｳﾁｮｳ
23424,愛知県,大治町,ｵｵﾊﾙﾁｮｳ
23425,愛知県,蟹江町,ｶﾆｴﾁｮｳ
23427,愛知県,飛島村,ﾄﾋﾞｼﾏﾑﾗ
23441,愛知県,阿久比町,ｱｸﾞｲﾁｮｳ
23442,愛知県,東浦町,ﾋｶﾞｼｳﾗﾁｮｳ
23445,愛知県,南知多町,ﾐﾅﾐﾁﾀﾁｮｳ
23446,愛知県,美浜町,ﾐﾊﾏﾁｮｳ
23447,愛知県,武豊町,ﾀｹﾄﾖﾁｮｳ
23501,愛知県,幸田町,ｺｳﾀﾁｮｳ
23561,愛知県,設楽町,ｼﾀﾗﾁｮｳ
23562,愛知県,東栄町,ﾄｳｴｲﾁｮｳ
23563,愛知県,豊根村,ﾄﾖﾈﾑﾗ
24201,三重県,津市,ﾂｼ
24202,三重県,四日市市,ﾖｯｶｲﾁｼ
24203,三重県,伊勢市,ｲｾｼ
24204,三重県,松阪市,ﾏﾂｻｶｼ
24205,三重県,桑名市,ｸﾜﾅｼ
24207,三重県,鈴鹿市,ｽｽﾞｶｼ
24208,三重県,名張市,ﾅﾊﾞﾘｼ
24209,三重県,尾鷲市,ｵﾜｾｼ
24210,三重県,亀山市,ｶﾒﾔﾏｼ
24211,三重県,鳥羽市,ﾄﾊﾞｼ
24212,三重県,熊野市,ｸﾏﾉｼ
24214,三重県,いなべ市,ｲﾅﾍﾞｼ
24215,三重県,志摩市,ｼﾏｼ
24216,三重県,伊賀市,ｲｶﾞｼ
24303,三重県,木曽岬町,ｷｿｻｷﾁｮｳ
24324,三重県,東員町,ﾄｳｲﾝﾁｮｳ
24341,三重県,菰野町,ｺﾓﾉﾁｮｳ
24343,三重県,朝日町,ｱｻﾋﾁｮｳ
24344,三重県,川越町,ｶﾜｺﾞｴﾁｮｳ
24441,三重県,多気町,ﾀｷﾁｮｳ
24442,三重県,明和町,ﾒｲﾜﾁｮｳ
24443,三重県,大台町,ｵｵﾀﾞｲﾁｮｳ
24461,三重県,玉城町,ﾀﾏｷﾁｮｳ
24470,三重県,度会町,ﾜﾀﾗｲﾁｮｳ
24471,三重県,大紀町,ﾀｲｷﾁｮｳ
24472,三重県,南伊勢町,ﾐﾅﾐｲｾﾁｮｳ
24543,三重県,紀北町,ｷﾎｸﾁｮｳ
24561,三重県,御浜町,ﾐﾊﾏﾁｮｳ
24562,三重県,紀宝町,ｷﾎｳﾁｮｳ
25201,滋賀県,大津市,ｵｵﾂｼ
25202,滋賀県,彦根市,ﾋｺﾈｼ
25203,滋賀県,長浜市,ﾅｶﾞﾊﾏｼ
25204,滋賀県,近江八幡市,ｵｳﾐﾊﾁﾏﾝｼ
25206,滋賀県,草津市,ｸｻﾂｼ
25207,滋賀県,守山市,ﾓﾘﾔﾏｼ
25208,滋賀県,栗東市,ﾘｯﾄｳｼ
25209,滋賀県,甲賀市,ｺｳｶｼ
25210,滋賀県,野洲市,ﾔｽｼ
25211,滋賀県,湖南市,ｺﾅﾝｼ
25212,滋賀県,高島市,ﾀｶｼﾏｼ
25213,滋賀県,東近江市,ﾋｶﾞｼｵｳﾐｼ
25214,滋賀県,米原市,ﾏｲﾊﾞﾗｼ
25383,滋賀県,日野町,ﾋﾉﾁｮｳ
25384,滋賀県,竜王町,ﾘﾕｳｵｳﾁｮｳ
25425,滋賀県,愛荘町,ｱｲｼｮｳﾁｮｳ
25441,滋賀県,豊郷町,ﾄﾖｻﾄﾁｮｳ
25442,滋賀県,甲良町,ｺｳﾗﾁｮｳ
25443,滋賀県,多賀町,ﾀｶﾞﾁｮｳ
26100,京都府,京都市,ｷｮｳﾄｼ
26201,京都府,福知山市,ﾌｸﾁﾔﾏｼ
26202,京都府,舞鶴市,ﾏｲﾂﾞﾙｼ
26203,京都府,綾部市,ｱﾔﾍﾞｼ
26204,京都府,宇治市,ｳｼﾞｼ
26205,京都府,宮津市,ﾐﾔﾂﾞｼ
26206,京都府,亀岡市,ｶﾒｵｶｼ
26207,京都府,城陽市,ｼﾞｮｳﾖｳｼ
26208,京都府,向日市,ﾑｺｳｼ
26209,京都府,長岡京市,ﾅｶﾞｵｶｷｮｳｼ
26210,京都府,八幡市,ﾔﾜﾀｼ
26211,京都府,京田辺市,ｷｮｳﾀﾅﾍﾞｼ
26212,京都府,京丹後市,ｷｮｳﾀﾝｺﾞｼ
26213,京都府,南丹市,ﾅﾝﾀﾝｼ
26214,京都府,木津川市,ｷﾂﾞｶﾞﾜｼ
26303,京都府,大山崎町,ｵｵﾔﾏｻﾞｷﾁｮｳ
26322,京都府,久御山町,ｸﾐﾔﾏﾁｮｳ
26343,京都府,井手町,ｲﾃﾞﾁｮｳ
26344,京都府,宇治田原町,ｳｼﾞﾀﾜﾗﾁｮｳ
26364,京都府,笠置町,ｶｻｷﾞﾁｮｳ
26365,京都府,和束町,ﾜﾂﾞｶﾁｮｳ
26366,京都府,精華町,ｾｲｶﾁｮｳ
26367,京都府,南山城村,ﾐﾅﾐﾔﾏｼﾛﾑﾗ
26407,京都府,京丹波町,ｷｮｳﾀﾝﾊﾞﾁｮｳ
26463,京都府,伊根町,ｲﾈﾁｮｳ
26465,京都府,与謝野町,ﾖｻﾉﾁｮｳ
27100,大阪府,大阪市,ｵｵｻｶｼ
27140,大阪府,堺市,ｻｶｲｼ
27202,大阪府,岸和田市,ｷｼﾜﾀﾞｼ
27203,大阪府,豊中市,ﾄﾖﾅｶｼ
27204,大阪府,池田市,ｲｹﾀﾞｼ
27205,大阪府,吹田市,ｽｲﾀｼ
27206,大阪府,泉大津市,ｲｽﾞﾐｵｵﾂｼ
27207,大阪府,高槻市,ﾀｶﾂｷｼ
27208,大阪府,貝塚市,ｶｲﾂﾞｶｼ
27209,大阪府,守口市,ﾓﾘｸﾞﾁｼ
27210,大阪府,枚方市,ﾋﾗｶﾀｼ
27211,大阪府,茨木市,ｲﾊﾞﾗｷｼ
27212,大阪府,八尾市,ﾔｵｼ
27213,大阪府,泉佐野市,ｲｽﾞﾐｻﾉｼ
27214,大阪府,富田林市,ﾄﾝﾀﾞﾊﾞﾔｼｼ
27215,大阪府,寝屋川市,ﾈﾔｶﾞﾜｼ
27216,大阪府,河内長野市,ｶﾜﾁﾅｶﾞﾉｼ
27217,大阪府,松原市,ﾏﾂﾊﾞﾗｼ
27218,大阪府,大東市,ﾀﾞｲﾄｳｼ
27219,大阪府,和泉市,ｲｽﾞﾐｼ
27220,大阪府,箕面市,ﾐﾉｵｼ
27221,大阪府,柏原市,ｶｼﾜﾗｼ
27222,大阪府,羽曳野市,ﾊﾋﾞｷﾉｼ
27223,大阪府,門真市,ｶﾄﾞﾏｼ
27224,大阪府,摂津市,ｾｯﾂｼ
27225,大阪府,高石市,ﾀｶｲｼｼ
27226,大阪府,藤井寺市,ﾌｼﾞｲﾃﾞﾗｼ
27227,大阪府,東大阪市,ﾋｶﾞｼｵｵｻｶｼ
27228,大阪府,泉南市,ｾﾝﾅﾝｼ
27229,大阪府,四條畷市,ｼｼﾞﾖｳﾅﾜﾃｼ
27230,大阪府,交野市,ｶﾀﾉｼ
27231,大阪府,大阪狭山市,ｵｵｻｶｻﾔﾏｼ
27232,大阪府,阪南市,ﾊﾝﾅﾝｼ
27301,大阪府,島本町,ｼﾏﾓﾄﾁｮｳ
27321,大阪府,豊能町,ﾄﾖﾉﾁｮｳ
27322,大阪府,能勢町,ﾉｾﾁｮｳ
27341,大阪府,忠岡町,ﾀﾀﾞｵｶﾁｮｳ
27361,大阪府,熊取町,ｸﾏﾄﾘﾁｮｳ
27362,大阪府,田尻町,ﾀｼﾞﾘﾁｮｳ
27366,大阪府,岬町,ﾐｻｷﾁｮｳ
27381,大阪府,太子町,ﾀｲｼﾁｮｳ
27382,大阪府,河南町,ｶﾅﾝﾁｮｳ
27383,大阪府,千早赤阪村,ﾁﾊﾔｱｶｻｶﾑﾗ
28100,兵庫県,神戸市,ｺｳﾍﾞｼ
28201,兵庫県,姫路市,ﾋﾒｼﾞｼ
28202,兵庫県,尼崎市,ｱﾏｶﾞｻｷｼ
28203,兵庫県,明石市,ｱｶｼｼ
28204,兵庫県,西宮市,ﾆｼﾉﾐﾔｼ
28205,兵庫県,洲本市,ｽﾓﾄｼ
28206,兵庫県,芦屋市,ｱｼﾔｼ
28207,兵庫県,伊丹市,ｲﾀﾐｼ
28208,兵庫県,相生市,ｱｲｵｲｼ
28209,兵庫県,豊岡市,ﾄﾖｵｶｼ
28210,兵庫県,加古川市,ｶｺｶﾞﾜｼ
28212,兵庫県,赤穂市,ｱｺｳｼ
28213,兵庫県,西脇市,ﾆｼﾜｷｼ
28214,兵庫県,宝塚市,ﾀｶﾗﾂﾞｶｼ
28215,兵庫県,三木市,ﾐｷｼ
28216,兵庫県,高砂市,ﾀｶｻｺﾞｼ
28217,兵庫県,川西市,ｶﾜﾆｼｼ
28218,兵庫県,小野市,ｵﾉｼ
28219,兵庫県,三田市,ｻﾝﾀﾞｼ
28220,兵庫県,加西市,ｶｻｲｼ
28221,兵庫県,丹波篠山市,ﾀﾝﾊﾞｻｻﾔﾏｼ
28222,兵庫県,養父市,ﾔﾌﾞｼ
28223,兵庫県,丹波市,ﾀﾝﾊﾞｼ
28224,兵庫県,南あわじ市,ﾐﾅﾐｱﾜｼﾞｼ
28225,兵庫県,朝来市,ｱｻｺﾞｼ
28226,兵庫県,淡路市,ｱﾜｼﾞｼ
28227,兵庫県,宍粟市,ｼｿｳｼ
28228,兵庫県,加東市,ｶﾄｳｼ
28229,兵庫県,たつの市,ﾀﾂﾉｼ
28301,兵庫県,猪名川町,ｲﾅｶﾞﾜﾁｮｳ
28365,兵庫県,多可町,ﾀｶﾁｮｳ
28381,兵庫県,稲美町,ｲﾅﾐﾁｮｳ
28382,兵庫県,播磨町,ﾊﾘﾏﾁｮｳ
28442,兵庫県,市川町,ｲﾁｶﾜﾁｮｳ
28443,兵庫県,福崎町,ﾌｸｻｷﾁｮｳ
28446,兵庫県,神河町,ｶﾐｶﾜﾁｮｳ
28464,兵庫県,太子町,ﾀｲｼﾁｮｳ
28481,兵庫県,上郡町,ｶﾐｺﾞｵﾘﾁｮｳ
28501,兵庫県,佐用町,ｻﾖｳﾁｮｳ
28585,兵庫県,香美町,ｶﾐﾁｮｳ
28586,兵庫県,新温泉町,ｼﾝｵﾝｾﾝﾁｮｳ
29201,奈良県,奈良市,ﾅﾗｼ
29202,奈良県,大和高田市,ﾔﾏﾄﾀｶﾀﾞｼ
29203,奈良県,大和郡山市,ﾔﾏﾄｺｵﾘﾔﾏｼ
29204,奈良県,天理市,ﾃﾝﾘｼ
29205,奈良県,橿原市,ｶｼﾊﾗｼ
29206,奈良県,桜井市,ｻｸﾗｲｼ
29207,奈良県,五條市,ｺﾞｼﾞｮｳｼ
29208,奈良県,御所市,ｺﾞｾｼ
29209,奈良県,生駒市,ｲｺﾏｼ
29210,奈良県,香芝市,ｶｼﾊﾞｼ
29211,奈良県,葛城市,ｶﾂﾗｷﾞｼ
29212,奈良県,宇陀市,ｳﾀﾞｼ
29322,奈良県,山添村,ﾔﾏｿﾞｴﾑﾗ
29342,奈良県,平群町,ﾍｸﾞﾘﾁｮｳ
29343,奈良県,三郷町,ｻﾝｺﾞｳﾁｮｳ
29344,奈良県,斑鳩町,ｲｶﾙｶﾞﾁｮｳ
29345,奈良県,安堵町,ｱﾝﾄﾞﾁｮｳ
29361,奈良県,川西町,ｶﾜﾆｼﾁｮｳ
29362,奈良県,三宅町,ﾐﾔｹﾁｮｳ
29363,奈良県,田原本町,ﾀﾜﾗﾓﾄﾁｮｳ
29385,奈良県,曽爾村,ｿﾆﾑﾗ
29386,奈良県,御杖村,ﾐﾂｴﾑﾗ
29401,奈良県,高取町,ﾀｶﾄﾘﾁｮｳ
29402,奈良県,明日香村,ｱｽｶﾑﾗ
29424,奈良県,上牧町,ｶﾝﾏｷﾁｮｳ
29425,奈良県,王寺町,ｵｳｼﾞﾁｮｳ
29426,奈良県,広陵町,ｺｳﾘﾖｳﾁｮｳ
29427,奈良県,河合町,ｶﾜｲﾁｮｳ
29441,奈良県,吉野町,ﾖｼﾉﾁｮｳ
29442,奈良県,大淀町,ｵｵﾖﾄﾞﾁｮｳ
29443,奈良県,下市町,ｼﾓｲﾁﾁｮｳ
29444,奈良県,黒滝村,ｸﾛﾀｷﾑﾗ
29446,奈良県,天川村,ﾃﾝｶﾜﾑﾗ
29447,奈良県,野迫川村,ﾉｾｶﾞﾜﾑﾗ
29449,奈良県,十津川村,ﾄﾂｶﾜﾑﾗ
29450,奈良県,下北山村,ｼﾓｷﾀﾔﾏﾑﾗ
29451,奈良県,上北山村,ｶﾐｷﾀﾔﾏﾑﾗ
29452,奈良県,川上村,ｶﾜｶﾐﾑﾗ
29453,奈良県,東吉野村,ﾋｶﾞｼﾖｼﾉﾑﾗ
30201,和歌山県,和歌山市,ﾜｶﾔﾏｼ
30202,和歌山県,海南市,ｶｲﾅﾝｼ
30203,和歌山県,橋本市,ﾊｼﾓﾄｼ
30204,和歌山県,有田市,ｱﾘﾀﾞｼ
30205,和歌山県,御坊市,ｺﾞﾎﾞｳｼ
30206,和歌山県,田辺市,ﾀﾅﾍﾞｼ
30207,和歌山県,新宮市,ｼﾝｸﾞｳｼ
30208,和歌山県,紀の川市,ｷﾉｶﾜｼ
30209,和歌山県,岩出市,ｲﾜﾃﾞｼ
30304,和歌山県,紀美野町,ｷﾐﾉﾁｮｳ
30341,和歌山県,かつらぎ町,ｶﾂﾗｷﾞﾁｮｳ
30343,和歌山県,九度山町,ｸﾄﾞﾔﾏﾁｮｳ
30344,和歌山県,高野町,ｺｳﾔﾁｮｳ
30361,和歌山県,湯浅町,ﾕｱｻﾁｮｳ
30362,和歌山県,広川町,ﾋﾛｶﾞﾜﾁｮｳ
30366,和歌山県,有田川町,ｱﾘﾀﾞｶﾞﾜﾁｮｳ
30381,和歌山県,美浜町,ﾐﾊﾏﾁｮｳ
30382,和歌山県,日高町,ﾋﾀﾞｶﾁｮｳ
30383,和歌山県,由良町,ﾕﾗﾁｮｳ
30390,和歌山県,印南町,ｲﾅﾐﾁｮｳ
30391,和歌山県,みなべ町,ﾐﾅﾍﾞﾁｮｳ
30392,和歌山県,日高川町,ﾋﾀﾞｶｶﾞﾜﾁｮｳ
30401,和歌山県,白浜町,ｼﾗﾊﾏﾁｮｳ
30404,和歌山県,上富田町,ｶﾐﾄﾝﾀﾞﾁｮｳ
30406,和歌山県,すさみ町,ｽｻﾐﾁｮｳ
30421,和歌山県,那智勝浦町,ﾅﾁｶﾂｳﾗﾁｮｳ
30422,和歌山県,太地町,ﾀｲｼﾞﾁｮｳ
30424,和歌山県,古座川町,ｺｻﾞｶﾞﾜﾁｮｳ
30427,和歌山県,北山村,ｷﾀﾔﾏﾑﾗ
30428,和歌山県,串本町,ｸｼﾓﾄﾁｮｳ
31201,鳥取県,鳥取市,ﾄｯﾄﾘｼ
31202,鳥取県,米子市,ﾖﾅｺﾞｼ
31203,鳥取県,倉吉市,ｸﾗﾖｼｼ
31204,鳥取県,境港市,ｻｶｲﾐﾅﾄｼ
31302,鳥取県,岩美町,ｲﾜﾐﾁｮｳ
31325,鳥取県,若桜町,ﾜｶｻﾁｮｳ
31328,鳥取県,智頭町,ﾁﾂﾞﾁｮｳ
31329,鳥取県,八頭町,ﾔｽﾞﾁｮｳ
31364,鳥取県,三朝町,ﾐｻｻﾁｮｳ
31370,鳥取県,湯梨浜町,ﾕﾘﾊﾏﾁｮｳ
31371,鳥取県,琴浦町,ｺﾄｳﾗﾁｮｳ
31372,鳥取県,北栄町,ﾎｸｴｲﾁｮｳ
31384,鳥取県,日吉津村,ﾋｴﾂﾞｿﾝ
31386,鳥取県,大山町,ﾀﾞｲｾﾝﾁｮｳ
31389,鳥取県,南部町,ﾅﾝﾌﾞﾁｮｳ
31390,鳥取県,伯耆町,ﾎｳｷﾁｮｳ
31401,鳥取県,日南町,ﾆﾁﾅﾝﾁｮｳ
31402,鳥取県,日野町,ﾋﾉﾁｮｳ
31403,鳥取県,江府町,ｺｳﾌﾁｮｳ
32201,島根県,松江市,ﾏﾂｴｼ
32202,島根県,浜田市,ﾊﾏﾀﾞｼ
32203,島根県,出雲市,ｲｽﾞﾓｼ
32204,島根県,益田市,ﾏｽﾀﾞｼ
32205,島根県,大田市,ｵｵﾀﾞｼ
32206,島根県,安来市,ﾔｽｷﾞｼ
32207,島根県,江津市,ｺﾞｳﾂｼ
32209,島根県,雲南市,ｳﾝﾅﾝｼ
32343,島根県,奥出雲町,ｵｸｲｽﾞﾓﾁｮｳ
32386,島根県,飯南町,ｲｲﾅﾝﾁｮｳ
32441,島根県,川本町,ｶﾜﾓﾄﾏﾁ
32448,島根県,美郷町,ﾐｻﾄﾁｮｳ
32449,島根県,邑南町,ｵｵﾅﾝﾁｮｳ
32501,島根県,津和野町,ﾂﾜﾉﾁｮｳ
32505,島根県,吉賀町,ﾖｼｶﾁｮｳ
32525,島根県,海士町,ｱﾏﾁｮｳ
32526,島根県,西ノ島町,ﾆｼﾉｼﾏﾁｮｳ
32527,島根県,知夫村,ﾁﾌﾞﾑﾗ
32528,島根県,隠岐の島町,ｵｷﾉｼﾏﾁｮｳ
33100,岡山県,岡山市,ｵｶﾔﾏｼ
33202,岡山県,倉敷市,ｸﾗｼｷｼ
33203,岡山県,津山市,ﾂﾔﾏｼ
33204,岡山県,玉野市,ﾀﾏﾉｼ
33205,岡山県,笠岡市,ｶｻｵｶｼ
33207,岡山県,井原市,ｲﾊﾞﾗｼ
33208,岡山県,総社市,ｿｳｼﾞﾔｼ
33209,岡山県,高梁市,ﾀｶﾊｼｼ
33210,岡山県,新見市,ﾆｲﾐｼ
33211,岡山県,備前市,ﾋﾞｾﾞﾝｼ
33212,岡山県,瀬戸内市,ｾﾄｳﾁｼ
33213,岡山県,赤磐市,ｱｶｲﾜｼ
33214,岡山県,真庭市,ﾏﾆﾜｼ
33215,岡山県,美作市,ﾐﾏｻｶｼ
33216,岡山県,浅口市,ｱｻｸﾁｼ
33346,岡山県,和気町,ﾜｹﾁｮｳ
33423,岡山県,早島町,ﾊﾔｼﾏﾁｮｳ
33445,岡山県,里庄町,ｻﾄｼｮｳﾁｮｳ
33461,岡山県,矢掛町,ﾔｶｹﾞﾁｮｳ
33586,岡山県,新庄村,ｼﾝｼﾞﾖｳｿﾝ
33606,岡山県,鏡野町,ｶｶﾞﾐﾉﾁｮｳ
33622,岡山県,勝央町,ｼｮｳｵｳﾁｮｳ
33623,岡山県,奈義町,ﾅｷﾞﾁｮｳ
33643,岡山県,西粟倉村,ﾆｼｱﾜｸﾗｿﾝ
33663,岡山県,久米南町,ｸﾒﾅﾝﾁｮｳ
33666,岡山県,美咲町,ﾐｻｷﾁｮｳ
33681,岡山県,吉備中央町,ｷﾋﾞﾁｭｳｵｳﾁｮｳ
34100,広島県,広島市,ﾋﾛｼﾏｼ
34202,広島県,呉市,ｸﾚｼ
34203,広島県,竹原市,ﾀｹﾊﾗｼ
34204,広島県,三原市,ﾐﾊﾗｼ
34205,広島県,尾道市,ｵﾉﾐﾁｼ
34207,広島県,福山市,ﾌｸﾔﾏｼ
34208,広島県,府中市,ﾌﾁｭｳｼ
34209,広島県,三次市,ﾐﾖｼｼ
34210,広島県,庄原市,ｼｮｳﾊﾞﾗｼ
34211,広島県,大竹市,ｵｵﾀｹｼ
34212,広島県,東広島市,ﾋｶﾞｼﾋﾛｼﾏｼ
34213,広島県,廿日市市,ﾊﾂｶｲﾁｼ
34214,広島県,安芸高田市,ｱｷﾀｶﾀｼ
34215,広島県,江田島市,ｴﾀｼﾞﾏｼ
34302,広島県,府中町,ﾌﾁｭｳﾁｮｳ
34304,広島県,海田町,ｶｲﾀﾁｮｳ
34307,広島県,熊野町,ｸﾏﾉﾁｮｳ
34309,広島県,坂町,ｻｶﾁｮｳ
34368,広島県,安芸太田町,ｱｷｵｵﾀﾁｮｳ
34369,広島県,北広島町,ｷﾀﾋﾛｼﾏﾁｮｳ
34431,広島県,大崎上島町,ｵｵｻｷｶﾐｼﾞﾏﾁｮｳ
34462,広島県,世羅町,ｾﾗﾁｮｳ
34545,広島県,神石高原町,ｼﾞﾝｾｷｺｳｹﾞﾝﾁｮｳ
35201,山口県,下関市,ｼﾓﾉｾｷｼ
35202,山口県,宇部市,ｳﾍﾞｼ
35203,山口県,山口市,ﾔﾏｸﾞﾁｼ
35204,山口県,萩市,ﾊｷﾞｼ
35206,山口県,防府市,ﾎｳﾌｼ
35207,山口県,下松市,ｸﾀﾞﾏﾂｼ
35208,山口県,岩国市,ｲﾜｸﾆｼ
35210,山口県,光市,ﾋｶﾘｼ
35211,山口県,長門市,ﾅｶﾞﾄｼ
35212,山口県,柳井市,ﾔﾅｲｼ
35213,山口県,美祢市,ﾐﾈｼ
35215,山口県,周南市,ｼｭｳﾅﾝｼ
35216,山口県,山陽小野田市,ｻﾝﾖｳｵﾉﾀﾞｼ
35305,山口県,周防大島町,ｽｵｳｵｵｼﾏﾁｮｳ
35321,山口県,和木町,ﾜｷﾁｮｳ
35341,山口県,上関町,ｶﾐﾉｾｷﾁｮｳ
35343,山口県,田布施町,ﾀﾌﾞｾﾁｮｳ
35344,山口県,平生町,ﾋﾗｵﾁｮｳ
35502,山口県,阿武町,ｱﾌﾞﾁｮｳ
36201,徳島県,徳島市,ﾄｸｼﾏｼ
36202,徳島県,鳴門市,ﾅﾙﾄｼ
36203,徳島県,小松島市,ｺﾏﾂｼﾏｼ
36204,徳島県,阿南市,ｱﾅﾝｼ
36205,徳島県,吉野川市,ﾖｼﾉｶﾞﾜｼ
36206,徳島県,阿波市,ｱﾜｼ
36207,徳島県,美馬市,ﾐﾏｼ
36208,徳島県,三好市,ﾐﾖｼｼ
36301,徳島県,勝浦町,ｶﾂｳﾗﾁｮｳ
36302,徳島県,上勝町,ｶﾐｶﾂﾁｮｳ
36321,徳島県,佐那河内村,ｻﾅｺﾞｳﾁｿﾝ
36341,徳島県,石井町,ｲｼｲﾁｮｳ
36342,徳島県,神山町,ｶﾐﾔﾏﾁｮｳ
36368,徳島県,那賀町,ﾅｶﾁｮｳ
36383,徳島県,牟岐町,ﾑｷﾞﾁｮｳ
36387,徳島県,美波町,ﾐﾅﾐﾁｮｳ
36388,徳島県,海陽町,ｶｲﾖｳﾁｮｳ
36401,徳島県,松茂町,ﾏﾂｼｹﾞﾁｮｳ
36402,徳島県,北島町,ｷﾀｼﾞﾏﾁｮｳ
36403,徳島県,藍住町,ｱｲｽﾞﾐﾁｮｳ
36404,徳島県,板野町,ｲﾀﾉﾁｮｳ
36405,徳島県,上板町,ｶﾐｲﾀﾁｮｳ
36468,徳島県,つるぎ町,ﾂﾙｷﾞﾁｮｳ
36489,徳島県,東みよし町,ﾋｶﾞｼﾐﾖｼﾁｮｳ
37201,香川県,高松市,ﾀｶﾏﾂｼ
37202,香川県,丸亀市,ﾏﾙｶﾞﾒｼ
37203,香川県,坂出市,ｻｶｲﾃﾞｼ
37204,香川県,善通寺市,ｾﾞﾝﾂｳｼﾞｼ
37205,香川県,観音寺市,ｶﾝｵﾝｼﾞｼ
37206,香川県,さぬき市,ｻﾇｷｼ
37207,香川県,東かがわ市,ﾋｶﾞｼｶｶﾞﾜｼ
37208,香川県,三豊市,ﾐﾄﾖｼ
37322,香川県,土庄町,ﾄﾉｼｮｳﾁｮｳ
37324,香川県,小豆島町,ｼｮｳﾄﾞｼﾏﾁｮｳ
37341,香川県,三木町,ﾐｷﾁｮｳ
37364,香川県,直島町,ﾅｵｼﾏﾁｮｳ
37386,香川県,宇多津町,ｳﾀﾂﾞﾁｮｳ
37387,香川県,綾川町,ｱﾔｶﾞﾜﾁｮｳ
37403,香川県,琴平町,ｺﾄﾋﾗﾁｮｳ
37404,香川県,多度津町,ﾀﾄﾞﾂﾁｮｳ
37406,香川県,まんのう町,ﾏﾝﾉｳﾁｮｳ
38201,愛媛県,松山市,ﾏﾂﾔﾏｼ
38202,愛媛県,今治市,ｲﾏﾊﾞﾘｼ
38203,愛媛県,宇和島市,ｳﾜｼﾞﾏｼ
38204,愛媛県,八幡浜市,ﾔﾜﾀﾊﾏｼ
38205,愛媛県,新居浜市,ﾆｲﾊﾏｼ
38206,愛媛県,西条市,ｻｲｼﾞｮｳｼ
38207,愛媛県,大洲市,ｵｵｽﾞｼ
38210,愛媛県,伊予市,ｲﾖｼ
38213,愛媛県,四国中央市,ｼｺｸﾁｭｳｵｳｼ
38214,愛媛県,西予市,ｾｲﾖｼ
38215,愛媛県,東温市,ﾄｳｵﾝｼ
38356,愛媛県,上島町,ｶﾐｼﾞﾏﾁｮｳ
38386,愛媛県,久万高原町,ｸﾏｺｳｹﾞﾝﾁｮｳ
38401,愛媛県,松前町,ﾏｻｷﾁｮｳ
38402,愛媛県,砥部町,ﾄﾍﾞﾁｮｳ
38422,愛媛県,内子町,ｳﾁｺﾁｮｳ
38442,愛媛県,伊方町,ｲｶﾀﾁｮｳ
38484,愛媛県,松野町,ﾏﾂﾉﾁｮｳ
38488,愛媛県,鬼北町,ｷﾎｸﾁｮｳ
38506,愛媛県,愛南町,ｱｲﾅﾝﾁｮｳ
39201,高知県,高知市,ｺｳﾁｼ
39202,高知県,室戸市,ﾑﾛﾄｼ
39203,高知県,安芸市,ｱｷｼ
39204,高知県,南国市,ﾅﾝｺｸｼ
39205,高知県,土佐市,ﾄｻｼ
39206,高知県,須崎市,ｽｻｷｼ
39208,高知県,宿毛市,ｽｸﾓｼ
39209,高知県,土佐清水市,ﾄｻｼﾐｽﾞｼ
39210,高知県,四万十市,ｼﾏﾝﾄｼ
39211,高知県,香南市,ｺｳﾅﾝｼ
39212,高知県,香美市,ｶﾐｼ
39301,高知県,東洋町,ﾄｳﾖｳﾁｮｳ
39302,高知県,奈半利町,ﾅﾊﾘﾁｮｳ
39303,高知県,田野町,ﾀﾉﾁｮｳ
39304,高知県,安田町,ﾔｽﾀﾞﾁｮｳ
39305,高知県,北川村,ｷﾀｶﾞﾜﾑﾗ
39306,高知県,馬路村,ｳﾏｼﾞﾑﾗ
39307,高知県,芸西村,ｹﾞｲｾｲﾑﾗ
39341,高知県,本山町,ﾓﾄﾔﾏﾁｮｳ
39344,高知県,大豊町,ｵｵﾄﾖﾁｮｳ
39363,高知県,土佐町,ﾄｻﾁｮｳ
39364,高知県,大川村,ｵｵｶﾜﾑﾗ
39386,高知県,いの町,ｲﾉﾁｮｳ
39387,高知県,仁淀川町,ﾆﾖﾄﾞｶﾞﾜﾁｮｳ
39401,高知県,中土佐町,ﾅｶﾄｻﾁｮｳ
39402,高知県,佐川町,ｻｶﾜﾁｮｳ
39403,高知県,越知町,ｵﾁﾁｮｳ
39405,高知県,梼原町,ﾕｽﾊﾗﾁｮｳ
39410,高知県,日高村,ﾋﾀﾞｶﾑﾗ
39411,高知県,津野町,ﾂﾉﾁｮｳ
39412,高知県,四万十町,ｼﾏﾝﾄﾁｮｳ
39424,高知県,大月町,ｵｵﾂｷﾁｮｳ
39427,高知県,三原村,ﾐﾊﾗﾑﾗ
39428,高知県,黒潮町,ｸﾛｼｵﾁｮｳ
40100,福岡県,北九州市,ｷﾀｷｭｳｼｭｳｼ
40130,福岡県,福岡市,ﾌｸｵｶｼ
40202,福岡県,大牟田市,ｵｵﾑﾀｼ
40203,福岡県,久留米市,ｸﾙﾒｼ
40204,福岡県,直方市,ﾉｵｶﾞﾀｼ
40205,福岡県,飯塚市,ｲｲﾂﾞｶｼ
40206,福岡県,田川市,ﾀｶﾞﾜｼ
40207,福岡県,柳川市,ﾔﾅｶﾞﾜｼ
40210,福岡県,八女市,ﾔﾒｼ
40211,福岡県,筑後市,ﾁｸｺﾞｼ
40212,福岡県,大川市,ｵｵｶﾜｼ
40213,福岡県,行橋市,ﾕｸﾊｼｼ
40214,福岡県,豊前市,ﾌﾞｾﾞﾝｼ
40215,福岡県,中間市,ﾅｶﾏｼ
40216,福岡県,小郡市,ｵｺﾞｵﾘｼ
40217,福岡県,筑紫野市,ﾁｸｼﾉｼ
40218,福岡県,春日市,ｶｽｶﾞｼ
40219,福岡県,大野城市,ｵｵﾉｼﾞｮｳｼ
40220,福岡県,宗像市,ﾑﾅｶﾀｼ
40221,福岡県,太宰府市,ﾀﾞｻﾞｲﾌｼ
40223,福岡県,古賀市,ｺｶﾞｼ
40224,福岡県,福津市,ﾌｸﾂｼ
40225,福岡県,うきは市,ｳｷﾊｼ
40226,福岡県,宮若市,ﾐﾔﾜｶｼ
40227,福岡県,嘉麻市,ｶﾏｼ
40228,福岡県,朝倉市,ｱｻｸﾗｼ
40229,福岡県,みやま市,ﾐﾔﾏｼ
40230,福岡県,糸島市,ｲﾄｼﾏｼ
40231,福岡県,那珂川市,ﾅｶｶﾞﾜｼ
40341,福岡県,宇美町,ｳﾐﾏﾁ
40342,福岡県,篠栗町,ｻｻｸﾞﾘﾏﾁ
40343,福岡県,志免町,ｼﾒﾏﾁ
40344,福岡県,須恵町,ｽｴﾏﾁ
40345,福岡県,新宮町,ｼﾝｸﾞｳﾏﾁ
40348,福岡県,久山町,ﾋｻﾔﾏﾏﾁ
40349,福岡県,粕屋町,ｶｽﾔﾏﾁ
40381,福岡県,芦屋町,ｱｼﾔﾏﾁ
40382,福岡県,水巻町,ﾐｽﾞﾏｷﾏﾁ
40383,福岡県,岡垣町,ｵｶｶﾞｷﾏﾁ
40384,福岡県,遠賀町,ｵﾝｶﾞﾁｮｳ
40401,福岡県,小竹町,ｺﾀｹﾏﾁ
40402,福岡県,鞍手町,ｸﾗﾃﾏﾁ
40421,福岡県,桂川町,ｹｲｾﾝﾏﾁ
40447,福岡県,筑前町,ﾁｸｾﾞﾝﾏﾁ
40448,福岡県,東峰村,ﾄｳﾎｳﾑﾗ
40503,福岡県,大刀洗町,ﾀﾁｱﾗｲﾏﾁ
40522,福岡県,大木町,ｵｵｷﾏﾁ
40544,福岡県,広川町,ﾋﾛｶﾜﾏﾁ
40601,福岡県,香春町,ｶﾜﾗﾏﾁ
40602,福岡県,添田町,ｿｴﾀﾞﾏﾁ
40604,福岡県,糸田町,ｲﾄﾀﾞﾏﾁ
40605,福岡県,川崎町,ｶﾜｻｷﾏﾁ
40608,福岡県,大任町,ｵｵﾄｳﾏﾁ
40609,福岡県,赤村,ｱｶﾑﾗ
40610,福岡県,福智町,ﾌｸﾁﾏﾁ
40621,福岡県,苅田町,ｶﾝﾀﾞﾏﾁ
40625,福岡県,みやこ町,ﾐﾔｺﾏﾁ
40642,福岡県,吉富町,ﾖｼﾄﾐﾏﾁ
40646,福岡県,上毛町,ｺｳｹﾞﾏﾁ
40647,福岡県,築上町,ﾁｸｼﾞｮｳﾏﾁ
41201,佐賀県,佐賀市,ｻｶﾞｼ
41202,佐賀県,唐津市,ｶﾗﾂｼ
41203,佐賀県,鳥栖市,ﾄｽｼ
41204,佐賀県,多久市,ﾀｸｼ
41205,佐賀県,伊万里市,ｲﾏﾘｼ
41206,佐賀県,武雄市,ﾀｹｵｼ
41207,佐賀県,鹿島市,ｶｼﾏｼ
41208,佐賀県,小城市,ｵｷﾞｼ
41209,佐賀県,嬉野市,ｳﾚｼﾉｼ
41210,佐賀県,神埼市,ｶﾝｻﾞｷｼ
41327,佐賀県,吉野ヶ里町,ﾖｼﾉｶﾞﾘﾁｮｳ
41341,佐賀県,基山町,ｷﾔﾏﾁｮｳ
41345,佐賀県,上峰町,ｶﾐﾐﾈﾁｮｳ
41346,佐賀県,みやき町,ﾐﾔｷﾁｮｳ
41387,佐賀県,玄海町,ｹﾞﾝｶｲﾁｮｳ
41401,佐賀県,有田町,ｱﾘﾀﾁｮｳ
41423,佐賀県,大町町,ｵｵﾏﾁﾁｮｳ
41424,佐賀県,江北町,ｺｳﾎｸﾏﾁ
41425,佐賀県,白石町,ｼﾛｲｼﾁｮｳ
41441,佐賀県,太良町,ﾀﾗﾁｮｳ
42201,長崎県,長崎市,ﾅｶﾞｻｷｼ
42202,長崎県,佐世保市,ｻｾﾎﾞｼ
42203,長崎県,島原市,ｼﾏﾊﾞﾗｼ
42204,長崎県,諫早市,ｲｻﾊﾔｼ
42205,長崎県,大村市,ｵｵﾑﾗｼ
42207,長崎県,平戸市,ﾋﾗﾄﾞｼ
42208,長崎県,松浦市,ﾏﾂｳﾗｼ
42209,長崎県,対馬市,ﾂｼﾏｼ
42210,長崎県,壱岐市,ｲｷｼ
42211,長崎県,五島市,ｺﾞﾄｳｼ
42212,長崎県,西海市,ｻｲｶｲｼ
42213,長崎県,雲仙市,ｳﾝｾﾞﾝｼ
42214,長崎県,南島原市,ﾐﾅﾐｼﾏﾊﾞﾗｼ
42307,長崎県,長与町,ﾅｶﾞﾖﾁｮｳ
42308,長崎県,時津町,ﾄｷﾞﾂﾁｮｳ
42321,長崎県,東彼杵町,ﾋｶﾞｼｿﾉｷﾞﾁｮｳ
42322,長崎県,川棚町,ｶﾜﾀﾅﾁｮｳ
42323,長崎県,波佐見町,ﾊｻﾐﾁｮｳ
42383,長崎県,小値賀町,ｵﾁﾞｶﾁｮｳ
42391,長崎県,佐々町,ｻｻﾞﾁｮｳ
42411,長崎県,新上五島町,ｼﾝｶﾐｺﾞﾄｳﾁｮｳ
43100,熊本県,熊本市,ｸﾏﾓﾄｼ
43202,熊本県,八代市,ﾔﾂｼﾛｼ
43203,熊本県,人吉市,ﾋﾄﾖｼｼ
43204,熊本県,荒尾市,ｱﾗｵｼ
43205,熊本県,水俣市,ﾐﾅﾏﾀｼ
43206,熊本県,玉名市,ﾀﾏﾅｼ
43208,熊本県,山鹿市,ﾔﾏｶﾞｼ
43210,熊本県,菊池市,ｷｸﾁｼ
43211,熊本県,宇土市,ｳﾄｼ
43212,熊本県,上天草市,ｶﾐｱﾏｸｻｼ
43213,熊本県,宇城市,ｳｷｼ
43214,熊本県,阿蘇市,ｱｿｼ
43215,熊本県,天草市,ｱﾏｸｻｼ
43216,熊本県,合志市,ｺｳｼｼ
43348,熊本県,美里町,ﾐｻﾄﾏﾁ
43364,熊本県,玉東町,ｷﾞｮｸﾄｳﾏﾁ
43367,熊本県,南関町,ﾅﾝｶﾝﾏﾁ
43368,熊本県,長洲町,ﾅｶﾞｽﾏﾁ
43369,熊本県,和水町,ﾅｺﾞﾐﾏﾁ
43403,熊本県,大津町,ｵｵﾂﾞﾏﾁ
43404,熊本県,菊陽町,ｷｸﾖｳﾏﾁ
43423,熊本県,南小国町,ﾐﾅﾐｵｸﾞﾆﾏﾁ
43424,熊本県,小国町,ｵｸﾞﾆﾏﾁ
43425,熊本県,産山村,ｳﾌﾞﾔﾏﾑﾗ
43428,熊本県,高森町,ﾀｶﾓﾘﾏﾁ
43432,熊本県,西原村,ﾆｼﾊﾗﾑﾗ
43433,熊本県,南阿蘇村,ﾐﾅﾐｱｿﾑﾗ
43441,熊本県,御船町,ﾐﾌﾈﾏﾁ
43442,熊本県,嘉島町,ｶｼﾏﾏﾁ
43443,熊本県,益城町,ﾏｼｷﾏﾁ
43444,熊本県,甲佐町,ｺｳｻﾏﾁ
43447,熊本県,山都町,ﾔﾏﾄﾁｮｳ
43468,熊本県,氷川町,ﾋｶﾜﾁｮｳ
43482,熊本県,芦北町,ｱｼｷﾀﾏﾁ
43484,熊本県,津奈木町,ﾂﾅｷﾞﾏﾁ
43501,熊本県,錦町,ﾆｼｷﾏﾁ
43505,熊本県,多良木町,ﾀﾗｷﾞﾏﾁ
43506,熊本県,湯前町,ﾕﾉﾏｴﾏﾁ
43507,熊本県,水上村,ﾐｽﾞｶﾐﾑﾗ
43510,熊本県,相良村,ｻｶﾞﾗﾑﾗ
43511,熊本県,五木村,ｲﾂｷﾑﾗ
43512,熊本県,山江村,ﾔﾏｴﾑﾗ
43513,熊本県,球磨村,ｸﾏﾑﾗ
43514,熊本県,あさぎり町,ｱｻｷﾞﾘﾁｮｳ
43531,熊本県,苓北町,ﾚｲﾎｸﾏﾁ
44201,大分県,大分市,ｵｵｲﾀｼ
44202,大分県,別府市,ﾍﾞｯﾌﾟｼ
44203,大分県,中津市,ﾅｶﾂｼ
44204,大分県,日田市,ﾋﾀｼ
44205,大分県,佐伯市,ｻｲｷｼ
44206,大分県,臼杵市,ｳｽｷｼ
44207,大分県,津久見市,ﾂｸﾐｼ
44208,大分県,竹田市,ﾀｹﾀｼ
44209,大分県,豊後高田市,ﾌﾞﾝｺﾞﾀｶﾀﾞｼ
44210,大分県,杵築市,ｷﾂｷｼ
44211,大分県,宇佐市,ｳｻｼ
44212,大分県,豊後大野市,ﾌﾞﾝｺﾞｵｵﾉｼ
44213,大分県,由布市,ﾕﾌｼ
44214,大分県,国東市,ｸﾆｻｷｼ
44322,大分県,姫島村,ﾋﾒｼﾏﾑﾗ
44341,大分県,日出町,ﾋｼﾞﾏﾁ
44461,大分県,九重町,ｺｺﾉｴﾏﾁ
44462,大分県,玖珠町,ｸｽﾏﾁ
45201,宮崎県,宮崎市,ﾐﾔｻﾞｷｼ
45202,宮崎県,都城市,ﾐﾔｺﾉｼﾞｮｳｼ
45203,宮崎県,延岡市,ﾉﾍﾞｵｶｼ
45204,宮崎県,日南市,ﾆﾁﾅﾝｼ
45205,宮崎県,小林市,ｺﾊﾞﾔｼｼ
45206,宮崎県,日向市,ﾋｭｳｶﾞｼ
45207,宮崎県,串間市,ｸｼﾏｼ
45208,宮崎県,西都市,ｻｲﾄｼ
45209,宮崎県,えびの市,ｴﾋﾞﾉｼ
45341,宮崎県,三股町,ﾐﾏﾀﾁｮｳ
45361,宮崎県,高原町,ﾀｶﾊﾙﾁｮｳ
45382,宮崎県,国富町,ｸﾆﾄﾐﾁｮｳ
45383,宮崎県,綾町,ｱﾔﾁｮｳ
45401,宮崎県,高鍋町,ﾀｶﾅﾍﾞﾁｮｳ
45402,宮崎県,新富町,ｼﾝﾄﾐﾁｮｳ
45403,宮崎県,西米良村,ﾆｼﾒﾗｿﾝ
45404,宮崎県,木城町,ｷｼﾞｮｳﾁｮｳ
45405,宮崎県,川南町,ｶﾜﾐﾅﾐﾁｮｳ
45406,宮崎県,都農町,ﾂﾉﾁｮｳ
45421,宮崎県,門川町,ｶﾄﾞｶﾞﾜﾁｮｳ
45429,宮崎県,諸塚村,ﾓﾛﾂｶｿﾝ
45430,宮崎県,椎葉村,ｼｲﾊﾞｿﾝ
45431,宮崎県,美郷町,ﾐｻﾄﾁｮｳ
45441,宮崎県,高千穂町,ﾀｶﾁﾎﾁｮｳ
45442,宮崎県,日之影町,ﾋﾉｶｹﾞﾁｮｳ
45443,宮崎県,五ヶ瀬町,ｺﾞｶｾﾁｮｳ
46201,鹿児島県,鹿児島市,ｶｺﾞｼﾏｼ
46203,鹿児島県,鹿屋市,ｶﾉﾔｼ
46204,鹿児島県,枕崎市,ﾏｸﾗｻﾞｷｼ
46206,鹿児島県,阿久根市,ｱｸﾈｼ
46208,鹿児島県,出水市,ｲｽﾞﾐｼ
46210,鹿児島県,指宿市,ｲﾌﾞｽｷｼ
46213,鹿児島県,西之表市,ﾆｼﾉｵﾓﾃｼ
46214,鹿児島県,垂水市,ﾀﾙﾐｽﾞｼ
46215,鹿児島県,薩摩川内市,ｻﾂﾏｾﾝﾀﾞｲｼ
46216,鹿児島県,日置市,ﾋｵｷｼ
46217,鹿児島県,曽於市,ｿｵｼ
46218,鹿児島県,霧島市,ｷﾘｼﾏｼ
46219,鹿児島県,いちき串木野市,ｲﾁｷｸｼｷﾉｼ
46220,鹿児島県,南さつま市,ﾐﾅﾐｻﾂﾏｼ
46221,鹿児島県,志布志市,ｼﾌﾞｼｼ
46222,鹿児島県,奄美市,ｱﾏﾐｼ
46223,鹿児島県,南九州市,ﾐﾅﾐｷｭｳｼｭｳｼ
46224,鹿児島県,伊佐市,ｲｻｼ
46225,鹿児島県,姶良市,ｱｲﾗｼ
46303,鹿児島県,三島村,ﾐｼﾏﾑﾗ
46304,鹿児島県,十島村,ﾄｼﾏﾑﾗ
46392,鹿児島県,さつま町,ｻﾂﾏﾁｮｳ
46404,鹿児島県,長島町,ﾅｶﾞｼﾏﾁｮｳ
46452,鹿児島県,湧水町,ﾕｳｽｲﾁｮｳ
46468,鹿児島県,大崎町,ｵｵｻｷﾁｮｳ
46482,鹿児島県,東串良町,ﾋｶﾞｼｸｼﾗﾁｮｳ
46490,鹿児島県,錦江町,ｷﾝｺｳﾁｮｳ
46491,鹿児島県,南大隅町,ﾐﾅﾐｵｵｽﾐﾁｮｳ
46492,鹿児島県,肝付町,ｷﾓﾂｷﾁｮｳ
46501,鹿児島県,中種子町,ﾅｶﾀﾈﾁｮｳ
46502,鹿児島県,南種子町,ﾐﾅﾐﾀﾈﾁｮｳ
46505,鹿児島県,屋久島町,ﾔｸｼﾏﾁｮｳ
46523,鹿児島県,大和村,ﾔﾏﾄｿﾝ
46524,鹿児島県,宇検村,ｳｹﾝｿﾝ
46525,鹿児島県,瀬戸内町,ｾﾄｳﾁﾁｮｳ
46527,鹿児島県,龍郷町,ﾀﾂｺﾞｳﾁｮｳ
46529,鹿児島県,喜界町,ｷｶｲﾁｮｳ
46530,鹿児島県,徳之島町,ﾄｸﾉｼﾏﾁｮｳ
46531,鹿児島県,天城町,ｱﾏｷﾞﾁｮｳ
46532,鹿児島県,伊仙町,ｲｾﾝﾁｮｳ
46533,鹿児島県,和泊町,ﾜﾄﾞﾏﾘﾁｮｳ
46534,鹿児島県,知名町,ﾁﾅﾁｮｳ
46535,鹿児島県,与論町,ﾖﾛﾝﾁｮｳ
47201,沖縄県,那覇市,ﾅﾊｼ
47205,沖縄県,宜野湾市,ｷﾞﾉﾜﾝｼ
47207,沖縄県,石垣市,ｲｼｶﾞｷｼ
47208,沖縄県,浦添市,ｳﾗｿｴｼ
47209,沖縄県,名護市,ﾅｺﾞｼ
47210,沖縄県,糸満市,ｲﾄﾏﾝｼ
47211,沖縄県,沖縄市,ｵｷﾅﾜｼ
47212,沖縄県,豊見城市,ﾄﾐｸﾞｽｸｼ
47213,沖縄県,うるま市,ｳﾙﾏｼ
47214,沖縄県,宮古島市,ﾐﾔｺｼﾞﾏｼ
47215,沖縄県,南城市,ﾅﾝｼﾞｮｳｼ
47301,沖縄県,国頭村,ｸﾆｶﾞﾐｿﾝ
47302,沖縄県,大宜味村,ｵｵｷﾞﾐｿﾝ
47303,沖縄県,東村,ﾋｶﾞｼｿﾝ
47306,沖縄県,今帰仁村,ﾅｷｼﾞﾝｿﾝ
47308,沖縄県,本部町,ﾓﾄﾌﾞﾁｮｳ
47311,沖縄県,恩納村,ｵﾝﾅｿﾝ
47313,沖縄県,宜野座村,ｷﾞﾉｻﾞｿﾝ
47314,沖縄県,金武町,ｷﾝﾁｮｳ
47315,沖縄県,伊江村,ｲｴｿﾝ
47324,沖縄県,読谷村,ﾖﾐﾀﾝｿﾝ
47325,沖縄県,嘉手納町,ｶﾃﾞﾅﾁｮｳ
47326,沖縄県,北谷町,ﾁﾔﾀﾝﾁｮｳ
47327,沖縄県,北中城村,ｷﾀﾅｶｸﾞｽｸｿﾝ
47328,沖縄県,中城村,ﾅｶｸﾞｽｸｿﾝ
47329,沖縄県,西原町,ﾆｼﾊﾗﾁｮｳ
47348,沖縄県,与那原町,ﾖﾅﾊﾞﾙﾁｮｳ
47350,沖縄県,南風原町,ﾊｴﾊﾞﾙﾁｮｳ
47353,沖縄県,渡嘉敷村,ﾄｶｼｷｿﾝ
47354,沖縄県,座間味村,ｻﾞﾏﾐｿﾝ
47355,沖縄県,粟国村,ｱｸﾞﾆｿﾝ
47356,沖縄県,渡名喜村,ﾄﾅｷｿﾝ
47357,沖縄県,南大東村,ﾐﾅﾐﾀﾞｲﾄｳｿﾝ
47358,沖縄県,北大東村,ｷﾀﾀﾞｲﾄｳｿﾝ
47359,沖縄県,伊平屋村,ｲﾍﾔｿﾝ
47360,沖縄県,伊是名村,ｲｾﾞﾅｿﾝ
47361,沖縄県,久米島町,ｸﾒｼﾞﾏﾁｮｳ
47362,沖縄県,八重瀬町,ﾔｴｾﾁｮｳ
47375,沖縄県,多良間村,ﾀﾗﾏｿﾝ
47381,沖縄県,竹富町,ﾀｹﾄﾐﾁｮｳ
47382,沖縄県,与那国町,ﾖﾅｸﾞﾆﾁｮｳ
01100,北海道,札幌市,ｻｯﾎﾟﾛｼ
01101,北海道,札幌市中央区,ｻｯﾎﾟﾛｼﾁｭｳｵｳｸ
01102,北海道,札幌市北区,ｻｯﾎﾟﾛｼｷﾀｸ
01103,北海道,札幌市東区,ｻｯﾎﾟﾛｼﾋｶﾞｼｸ
01104,北海道,札幌市白石区,ｻｯﾎﾟﾛｼｼﾛｲｼｸ
01105,北海道,札幌市豊平区,ｻｯﾎﾟﾛｼﾄﾖﾋﾗｸ
01106,北海道,札幌市南区,ｻｯﾎﾟﾛｼﾐﾅﾐｸ
01107,北海道,札幌市西区,ｻｯﾎﾟﾛｼﾆｼｸ
01108,北海道,札幌市厚別区,ｻｯﾎﾟﾛｼｱﾂﾍﾞﾂｸ
01109,北海道,札幌市手稲区,ｻｯﾎﾟﾛｼﾃｲﾈｸ
01110,北海道,札幌市清田区,ｻｯﾎﾟﾛｼｷﾖﾀｸ
04100,宮城県,仙台市,ｾﾝﾀﾞｲｼ
04101,宮城県,仙台市青葉区,ｾﾝﾀﾞｲｼｱｵﾊﾞｸ
04102,宮城県,仙台市宮城野区,ｾﾝﾀﾞｲｼﾐﾔｷﾞﾉｸ
04103,宮城県,仙台市若林区,ｾﾝﾀﾞｲｼﾜｶﾊﾞﾔｼｸ
04104,宮城県,仙台市太白区,ｾﾝﾀﾞｲｼﾀｲﾊｸｸ
04105,宮城県,仙台市泉区,ｾﾝﾀﾞｲｼｲｽﾞﾐｸ
11100,埼玉県,さいたま市,ｻｲﾀﾏｼ
11101,埼玉県,さいたま市西区,ｻｲﾀﾏｼﾆｼｸ
11102,埼玉県,さいたま市北区,ｻｲﾀﾏｼｷﾀｸ
11103,埼玉県,さいたま市大宮区,ｻｲﾀﾏｼｵｵﾐﾔｸ
11104,埼玉県,さいたま市見沼区,ｻｲﾀﾏｼﾐﾇﾏｸ
11105,埼玉県,さいたま市中央区,ｻｲﾀﾏｼﾁｭｳｵｳｸ
11106,埼玉県,さいたま市桜区,ｻｲﾀﾏｼｻｸﾗｸ
11107,埼玉県,さいたま市浦和区,ｻｲﾀﾏｼｳﾗﾜｸ
11108,埼玉県,さいたま市南区,ｻｲﾀﾏｼﾐﾅﾐｸ
11109,埼玉県,さいたま市緑区,ｻｲﾀﾏｼﾐﾄﾞﾘｸ
11110,埼玉県,さいたま市岩槻区,ｻｲﾀﾏｼｲﾜﾂｷｸ
12100,千葉県,千葉市,ﾁﾊﾞｼ
12101,千葉県,千葉市中央区,ﾁﾊﾞｼﾁｭｳｵｳｸ
12102,千葉県,千葉市花見川区,ﾁﾊﾞｼﾊﾅﾐｶﾞﾜｸ
12103,千葉県,千葉市稲毛区,ﾁﾊﾞｼｲﾅｹﾞｸ
12104,千葉県,千葉市若葉区,ﾁﾊﾞｼﾜｶﾊﾞｸ
12105,千葉県,千葉市緑区,ﾁﾊﾞｼﾐﾄﾞﾘｸ
12106,千葉県,千葉市美浜区,ﾁﾊﾞｼﾐﾊﾏｸ
14100,神奈川県,横浜市,ﾖｺﾊﾏｼ
14101,神奈川県,横浜市鶴見区,ﾖｺﾊﾏｼﾂﾙﾐｸ
14102,神奈川県,横浜市神奈川区,ﾖｺﾊﾏｼｶﾅｶﾞﾜｸ
14103,神奈川県,横浜市西区,ﾖｺﾊﾏｼﾆｼｸ
14104,神奈川県,横浜市中区,ﾖｺﾊﾏｼﾅｶｸ
14105,神奈川県,横浜市南区,ﾖｺﾊﾏｼﾐﾅﾐｸ
14106,神奈川県,横浜市保土ケ谷区,ﾖｺﾊﾏｼﾎﾄﾞｶﾞﾔｸ
14107,神奈川県,横浜市磯子区,ﾖｺﾊﾏｼｲｿｺﾞｸ
14108,神奈川県,横浜市金沢区,ﾖｺﾊﾏｼｶﾅｻﾞﾜｸ
14109,神奈川県,横浜市港北区,ﾖｺﾊﾏｼｺｳﾎｸｸ
14110,神奈川県,横浜市戸塚区,ﾖｺﾊﾏｼﾄﾂｶｸ
14111,神奈川県,横浜市港南区,ﾖｺﾊﾏｼｺｳﾅﾝｸ
14112,神奈川県,横浜市旭区,ﾖｺﾊﾏｼｱｻﾋｸ
14113,神奈川県,横浜市緑区,ﾖｺﾊﾏｼﾐﾄﾞﾘｸ
14114,神奈川県,横浜市瀬谷区,ﾖｺﾊﾏｼｾﾔｸ
14115,神奈川県,横浜市栄区,ﾖｺﾊﾏｼｻｶｴｸ
14116,神奈川県,横浜市泉区,ﾖｺﾊﾏｼｲｽﾞﾐｸ
14117,神奈川県,横浜市青葉区,ﾖｺﾊﾏｼｱｵﾊﾞｸ
14118,神奈川県,横浜市都筑区,ﾖｺﾊﾏｼﾂﾂﾞｷｸ
14130,神奈川県,川崎市,ｶﾜｻｷｼ
14131,神奈川県,川崎市川崎区,ｶﾜｻｷｼｶﾜｻｷｸ
14132,神奈川県,川崎市幸区,ｶﾜｻｷｼｻｲﾜｲｸ
14133,神奈川県,川崎市中原区,ｶﾜｻｷｼﾅｶﾊﾗｸ
14134,神奈川県,川崎市高津区,ｶﾜｻｷｼﾀｶﾂｸ
14135,神奈川県,川崎市多摩区,ｶﾜｻｷｼﾀﾏｸ
14136,神奈川県,川崎市宮前区,ｶﾜｻｷｼﾐﾔﾏｴｸ
14137,神奈川県,川崎市麻生区,ｶﾜｻｷｼｱｻｵｸ
14150,神奈川県,相模原市,ｻｶﾞﾐﾊﾗｼ
14151,神奈川県,相模原市緑区,ｻｶﾞﾐﾊﾗｼﾐﾄﾞﾘｸ
14152,神奈川県,相模原市中央区,ｻｶﾞﾐﾊﾗｼﾁｭｳｵｳｸ
14153,神奈川県,相模原市南区,ｻｶﾞﾐﾊﾗｼﾐﾅﾐｸ
15100,新潟県,新潟市,ﾆｲｶﾞﾀｼ
15101,新潟県,新潟市北区,ﾆｲｶﾞﾀｼｷﾀｸ
15102,新潟県,新潟市東区,ﾆｲｶﾞﾀｼﾋｶﾞｼｸ
15103,新潟県,新潟市中央区,ﾆｲｶﾞﾀｼﾁｭｳｵｳｸ
15104,新潟県,新潟市江南区,ﾆｲｶﾞﾀｼｺｳﾅﾝｸ
15105,新潟県,新潟市秋葉区,ﾆｲｶﾞﾀｼｱｷﾊｸ
15106,新潟県,新潟市南区,ﾆｲｶﾞﾀｼﾐﾅﾐｸ
15107,新潟県,新潟市西区,ﾆｲｶﾞﾀｼﾆｼｸ
15108,新潟県,新潟市西蒲区,ﾆｲｶﾞﾀｼﾆｼｶﾝｸ
22100,静岡県,静岡市,ｼｽﾞｵｶｼ
22101,静岡県,静岡市葵区,ｼｽﾞｵｶｼｱｵｲｸ
22102,静岡県,静岡市駿河区,ｼｽﾞｵｶｼｽﾙｶﾞｸ
22103,静岡県,静岡市清水区,ｼｽﾞｵｶｼｼﾐｽﾞｸ
22130,静岡県,浜松市,ﾊﾏﾏﾂｼ
22138,静岡県,浜松市中央区,ﾊﾏﾏﾂｼﾁｭｳｵｳｸ
22139,静岡県,浜松市浜名区,ﾊﾏﾏﾂｼﾊﾏﾅｸ
22140,静岡県,浜松市天竜区,ﾊﾏﾏﾂｼﾃﾝﾘｭｳｸ
23100,愛知県,名古屋市,ﾅｺﾞﾔｼ
23101,愛知県,名古屋市千種区,ﾅｺﾞﾔｼﾁｸｻｸ
23102,愛知県,名古屋市東区,ﾅｺﾞﾔｼﾋｶﾞｼｸ
23103,愛知県,名古屋市北区,ﾅｺﾞﾔｼｷﾀｸ
23104,愛知県,名古屋市西区,ﾅｺﾞﾔｼﾆｼｸ
23105,愛知県,名古屋市中村区,ﾅｺﾞﾔｼﾅｶﾑﾗｸ
23106,愛知県,名古屋市中区,ﾅｺﾞﾔｼﾅｶｸ
23107,愛知県,名古屋市昭和区,ﾅｺﾞﾔｼｼｮｳﾜｸ
23108,愛知県,名古屋市瑞穂区,ﾅｺﾞﾔｼﾐｽﾞﾎｸ
23109,愛知県,名古屋市熱田区,ﾅｺﾞﾔｼｱﾂﾀｸ
23110,愛知県,名古屋市中川区,ﾅｺﾞﾔｼﾅｶｶﾞﾜｸ
23111,愛知県,名古屋市港区,ﾅｺﾞﾔｼﾐﾅﾄｸ
23112,愛知県,名古屋市南区,ﾅｺﾞﾔｼﾐﾅﾐｸ
23113,愛知県,名古屋市守山区,ﾅｺﾞﾔｼﾓﾘﾔﾏｸ
23114,愛知県,名古屋市緑区,ﾅｺﾞﾔｼﾐﾄﾞﾘｸ
23115,愛知県,名古屋市名東区,ﾅｺﾞﾔｼﾒｲﾄｳｸ
23116,愛知県,名古屋市天白区,ﾅｺﾞﾔｼﾃﾝﾊﾟｸｸ
26100,京都府,京都市,ｷｮｳﾄｼ
26101,京都府,京都市北区,ｷｮｳﾄｼｷﾀｸ
26102,京都府,京都市上京区,ｷｮｳﾄｼｶﾐｷﾞｮｳｸ
26103,京都府,京都市左京区,ｷｮｳﾄｼｻｷｮｳｸ
26104,京都府,京都市中京区,ｷｮｳﾄｼﾅｶｷﾞｮｳｸ
26105,京都府,京都市東山区,ｷｮｳﾄｼﾋｶﾞｼﾔﾏｸ
26106,京都府,京都市下京区,ｷｮｳﾄｼｼﾓｷﾞｮｳｸ
26107,京都府,京都市南区,ｷｮｳﾄｼﾐﾅﾐｸ
26108,京都府,京都市右京区,ｷｮｳﾄｼｳｷｮｳｸ
26109,京都府,京都市伏見区,ｷｮｳﾄｼﾌｼﾐｸ
26110,京都府,京都市山科区,ｷｮｳﾄｼﾔﾏｼﾅｸ
26111,京都府,京都市西京区,ｷｮｳﾄｼﾆｼｷｮｳｸ
27100,大阪府,大阪市,ｵｵｻｶｼ
27102,大阪府,大阪市都島区,ｵｵｻｶｼﾐﾔｺｼﾞﾏｸ
27103,大阪府,大阪市福島区,ｵｵｻｶｼﾌｸｼﾏｸ
27104,大阪府,大阪市此花区,ｵｵｻｶｼｺﾉﾊﾅｸ
27106,大阪府,大阪市西区,ｵｵｻｶｼﾆｼｸ
27107,大阪府,大阪市港区,ｵｵｻｶｼﾐﾅﾄｸ
27108,大阪府,大阪市大正区,ｵｵｻｶｼﾀｲｼｮｳｸ
27109,大阪府,大阪市天王寺区,ｵｵｻｶｼﾃﾝﾉｳｼﾞｸ
27111,大阪府,大阪市浪速区,ｵｵｻｶｼﾅﾆﾜｸ
27113,大阪府,大阪市西淀川区,ｵｵｻｶｼﾆｼﾖﾄﾞｶﾞﾜｸ
27114,大阪府,大阪市東淀川区,ｵｵｻｶｼﾋｶﾞｼﾖﾄﾞｶﾞﾜｸ
27115,大阪府,大阪市東成区,ｵｵｻｶｼﾋｶﾞｼﾅﾘｸ
27116,大阪府,大阪市生野区,ｵｵｻｶｼｲｸﾉｸ
27117,大阪府,大阪市旭区,ｵｵｻｶｼｱｻﾋｸ
27118,大阪府,大阪市城東区,ｵｵｻｶｼｼﾞｮｳﾄｳｸ
27119,大阪府,大阪市阿倍野区,ｵｵｻｶｼｱﾍﾞﾉｸ
27120,大阪府,大阪市住吉区,ｵｵｻｶｼｽﾐﾖｼｸ
27121,大阪府,大阪市東住吉区,ｵｵｻｶｼﾋｶﾞｼｽﾐﾖｼｸ
27122,大阪府,大阪市西成区,ｵｵｻｶｼﾆｼﾅﾘｸ
27123,大阪府,大阪市淀川区,ｵｵｻｶｼﾖﾄﾞｶﾞﾜｸ
27124,大阪府,大阪市鶴見区,ｵｵｻｶｼﾂﾙﾐｸ
27125,大阪府,大阪市住之江区,ｵｵｻｶｼｽﾐﾉｴｸ
27126,大阪府,大阪市平野区,ｵｵｻｶｼﾋﾗﾉｸ
27127,大阪府,大阪市北区,ｵｵｻｶｼｷﾀｸ
27128,大阪府,大阪市中央区,ｵｵｻｶｼﾁｭｳｵｳｸ
27140,大阪府,堺市,ｻｶｲｼ
27141,大阪府,堺市堺区,ｻｶｲｼｻｶｲｸ
27142,大阪府,堺市中区,ｻｶｲｼﾅｶｸ
27143,大阪府,堺市東区,ｻｶｲｼﾋｶﾞｼｸ
27144,大阪府,堺市西区,ｻｶｲｼﾆｼｸ
27145,大阪府,堺市南区,ｻｶｲｼﾐﾅﾐｸ
27146,大阪府,堺市北区,ｻｶｲｼｷﾀｸ
27147,大阪府,堺市美原区,ｻｶｲｼﾐﾊﾗｸ
28100,兵庫県,神戸市,ｺｳﾍﾞｼ
28101,兵庫県,神戸市東灘区,ｺｳﾍﾞｼﾋｶﾞｼﾅﾀﾞｸ
28102,兵庫県,神戸市灘区,ｺｳﾍﾞｼﾅﾀﾞｸ
28105,兵庫県,神戸市兵庫区,ｺｳﾍﾞｼﾋｮｳｺﾞｸ
28106,兵庫県,神戸市長田区,ｺｳﾍﾞｼﾅｶﾞﾀｸ
28107,兵庫県,神戸市須磨区,ｺｳﾍﾞｼｽﾏｸ
28108,兵庫県,神戸市垂水区,ｺｳﾍﾞｼﾀﾙﾐｸ
28109,兵庫県,神戸市北区,ｺｳﾍﾞｼｷﾀｸ
28110,兵庫県,神戸市中央区,ｺｳﾍﾞｼﾁｭｳｵｳｸ
28111,兵庫県,神戸市西区,ｺｳﾍﾞｼﾆｼｸ
33100,岡山県,岡山市,ｵｶﾔﾏｼ
33101,岡山県,岡山市北区,ｵｶﾔﾏｼｷﾀｸ
33102,岡山県,岡山市中区,ｵｶﾔﾏｼﾅｶｸ
33103,岡山県,岡山市東区,ｵｶﾔﾏｼﾋｶﾞｼｸ
33104,岡山県,岡山市南区,ｵｶﾔﾏｼﾐﾅﾐｸ
34100,広島県,広島市,ﾋﾛｼﾏｼ
34101,広島県,広島市中区,ﾋﾛｼﾏｼﾅｶｸ
34102,広島県,広島市東区,ﾋﾛｼﾏｼﾋｶﾞｼｸ
34103,広島県,広島市南区,ﾋﾛｼﾏｼﾐﾅﾐｸ
34104,広島県,広島市西区,ﾋﾛｼﾏｼﾆｼｸ
34105,広島県,広島市安佐南区,ﾋﾛｼﾏｼｱｻﾐﾅﾐｸ
34106,広島県,広島市安佐北区,ﾋﾛｼﾏｼｱｻｷﾀｸ
34107,広島県,広島市安芸区,ﾋﾛｼﾏｼｱｷｸ
34108,広島県,広島市佐伯区,ﾋﾛｼﾏｼｻｴｷｸ
40100,福岡県,北九州市,ｷﾀｷｭｳｼｭｳｼ
40101,福岡県,北九州市門司区,ｷﾀｷｭｳｼｭｳｼﾓｼﾞｸ
40103,福岡県,北九州市若松区,ｷﾀｷｭｳｼｭｳｼﾜｶﾏﾂｸ
40105,福岡県,北九州市戸畑区,ｷﾀｷｭｳｼｭｳｼﾄﾊﾞﾀｸ
40106,福岡県,北九州市小倉北区,ｷﾀｷｭｳｼｭｳｼｺｸﾗｷﾀｸ
40107,福岡県,北九州市小倉南区,ｷﾀｷｭｳｼｭｳｼｺｸﾗﾐﾅﾐｸ
40108,福岡県,北九州市八幡東区,ｷﾀｷｭｳｼｭｳｼﾔﾊﾀﾋｶﾞｼｸ
40109,福岡県,北九州市八幡西区,ｷﾀｷｭｳｼｭｳｼﾔﾊﾀﾆｼｸ
40130,福岡県,福岡市,ﾌｸｵｶｼ
40131,福岡県,福岡市東区,ﾌｸｵｶｼﾋｶﾞｼｸ
40132,福岡県,福岡市博多区,ﾌｸｵｶｼﾊｶﾀｸ
40133,福岡県,福岡市中央区,ﾌｸｵｶｼﾁｭｳｵｳｸ
40134,福岡県,福岡市南区,ﾌｸｵｶｼﾐﾅﾐｸ
40135,福岡県,福岡市西区,ﾌｸｵｶｼﾆｼｸ
40136,福岡県,福岡市城南区,ﾌｸｵｶｼｼﾞｮｳﾅﾝｸ
40137,福岡県,福岡市早良区,ﾌｸｵｶｼｻﾜﾗｸ
43100,熊本県,熊本市,ｸﾏﾓﾄｼ
43101,熊本県,熊本市中央区,ｸﾏﾓﾄｼﾁｭｳｵｳｸ
43102,熊本県,熊本市東区,ｸﾏﾓﾄｼﾋｶﾞｼｸ
43103,熊本県,熊本市西区,ｸﾏﾓﾄｼﾆｼｸ
43104,熊本県,熊本市南区,ｸﾏﾓﾄｼﾐﾅﾐｸ
43105,熊本県,熊本市北区,ｸﾏﾓﾄｼｷﾀｸ